wing_angle,ride_height,mode,Cd,Cl
12.49080237694725,0.058890102735722656,X,1.5,5.0
24.01428612819832,0.05880146146184298,Z,1.5,5.0
19.6398788362281,0.0556459053154119,X,1.5,5.0
16.973169683940732,0.057757937778684,baseline,1.5,5.0
8.12037280884873,0.05170897773390385,Z,1.5,5.0
8.119890406724053,0.04007196235627811,Z,1.5,5.0
6.16167224336399,0.043827839740156777,X,1.5,5.0
22.323522915498703,0.037263908672057026,X,1.5,5.0
17.022300234864176,0.06633802245334514,Z,1.5,5.0
19.16145155592091,0.05333567179064482,X,1.5,5.0
5.411689885916049,0.046034056670545595,Z,1.5,5.0
24.398197043239886,0.048480232145765315,baseline,1.5,5.0
21.648852816008436,0.06789133358447262,X,1.5,5.0
9.246782213565524,0.03613405612464321,Z,1.5,5.0
8.636499344142013,0.053449193280671894,baseline,1.5,5.0
8.668090197068675,0.050235547155378646,baseline,1.5,5.0
11.084844859190754,0.05445816941738592,Z,1.5,5.0
15.495128632644757,0.03072440735283362,X,1.5,5.0
13.638900372842315,0.06488495635776606,Z,1.5,5.0
10.824582803960839,0.06728473129934451,baseline,1.5,5.0
17.237057894447588,0.05260532734356836,Z,1.5,5.0
7.789877213040837,0.0578660329550757,X,1.5,5.0
10.842892970704362,0.06689997524709183,baseline,1.5,5.0
12.327236865873834,0.058289545372535945,Z,1.5,5.0
14.12139968434072,0.03610156171657045,X,1.5,5.0
20.703519227860273,0.053051534406672526,baseline,1.5,5.0
8.993475643167194,0.054268601855314236,X,1.5,5.0
15.284688768272233,0.04696522685209544,baseline,1.5,5.0
16.848291377240848,0.05945776942498891,Z,1.5,5.0
5.929008254399955,0.0673746805907606,X,1.5,5.0
17.150897038028766,0.06702274051627105,baseline,1.5,5.0
8.41048247374583,0.04803357485616529,X,1.5,5.0
6.30103185970559,0.03452952183363021,X,1.5,5.0
23.977710745066666,0.0693936479584934,Z,1.5,5.0
24.312640661491187,0.06355592345783737,X,1.5,5.0
21.16794696232922,0.034986507248130676,baseline,1.5,5.0
11.092275383467413,0.06683367530469489,baseline,1.5,5.0
6.953442280127677,0.06479585448248514,baseline,1.5,5.0
18.684660530243136,0.05075352228504289,baseline,1.5,5.0
13.803049874792027,0.05365101742979717,Z,1.5,4.911407449538742
7.4407646968955765,0.04596010815480521,X,1.5,4.622572367137247
14.903538202225404,0.032190465552881256,Z,1.5,4.572077768385462
5.687770422304368,0.04340788966583604,X,1.5,5.0
23.186408041575643,0.06211413794392046,X,1.5,5.0
10.175599632000338,0.030185280920184115,X,1.5,5.0
18.25044568707964,0.04333996686764577,Z,1.5,5.0
11.23422152178822,0.04592674774363774,X,1.5,5.0
15.401360423556216,0.05149582411751692,Z,1.5,5.0
15.934205586865593,0.06679422465651043,baseline,1.5,5.0
8.697089110510541,0.04385383977463845,baseline,1.5,5.0
24.391692555291172,0.04387812807584911,X,1.5,5.0
20.50265646722229,0.05950004992438994,Z,1.5,5.0
23.789978831283783,0.04808871763559229,baseline,1.5,5.0
22.896547008552975,0.038984192917599275,Z,1.5,5.0
16.957999576221702,0.04809758064530774,Z,1.5,5.0
23.437484700462335,0.035634280815191995,X,1.5,5.0
6.76985004103839,0.03705547946024893,baseline,1.5,5.0
8.919657248382904,0.0499347109095792,X,1.5,5.0
5.904545778210761,0.04675701798018192,X,1.5,5.0
11.506606615265287,0.06659383604272401,baseline,1.5,5.0
12.77354579378964,0.044495755964665325,baseline,1.5,5.0
10.426980635477918,0.053223534011121745,Z,1.5,5.0
21.57475018303859,0.05529057151678122,baseline,1.5,5.0
12.135066533871786,0.030523778263533346,Z,1.5,5.0
10.618690193747614,0.056541494880668425,Z,1.5,5.0
15.85392166316497,0.03712143867479006,Z,1.5,5.0
7.818484499495253,0.06844281269877822,baseline,1.5,5.0
21.043939615080795,0.03594650911012452,X,1.5,5.0
6.491012873595416,0.04658496494908095,Z,1.5,5.0
24.737738732010346,0.03341398672314575,X,1.5,5.0
20.444895385933147,0.0698749700738379,X,1.5,5.0
8.974313630683447,0.05008780041324971,baseline,1.5,5.0
5.110442342472048,0.05381540069280176,X,1.5,5.0
21.309228569096682,0.0326830590955371,X,1.5,5.0
19.137146876952343,0.05999841881596712,baseline,1.5,5.0
19.580143360819747,0.03839622372382343,Z,1.5,5.0
20.425406933718914,0.06592217157762856,X,1.5,5.0
6.480893034681808,0.03820558561928029,baseline,1.5,5.0
12.169314570885453,0.03762750882654666,X,1.5,5.0
7.317381190502594,0.03146198671392379,X,1.5,5.0
22.26206851751187,0.04888267780439998,Z,1.5,5.0
17.46596253655116,0.05259364533050466,X,1.5,5.0
11.617960497052984,0.032628345577134094,baseline,1.5,5.0
6.271167005720473,0.06102110466780043,X,1.5,5.0
11.219646434313244,0.0481315533899211,Z,1.5,5.0
11.503666440534941,0.050975610773103204,Z,1.5,5.0
19.59212356676128,0.04763050987752913,baseline,1.5,5.0
17.751149427104263,0.046030522435013044,Z,1.5,4.572077768385462
22.74425485152653,0.05238561325232872,X,1.5,3.8990947233064435
14.444298503238986,0.0362096098372285,Z,1.5,3.6579849624060192
7.391884918766034,0.037277125219810844,baseline,1.5,2.67563937071021
19.2648957444599,0.06447142484054069,Z,1.5,2.3209233530106257
20.21570097233795,0.06784461848534531,Z,1.5,1.6641281093139244
16.225543951389923,0.04493237265119012,Z,1.5,0.8296573259421223
20.41934359909122,0.04082978692574215,baseline,1.5,0.0
14.875911927287815,0.055759981729560634,Z,1.5,0.0
15.454656587639882,0.04634936684392386,Z,1.5,0.0
13.550820367170992,0.031015454226413795,X,1.5,0.8296573259421223
5.508382534881903,0.036246103894647615,baseline,1.5,0.9000563305859539
7.157828539866089,0.05863888915389591,Z,1.5,2.3209233530106257
5.628583713734685,0.056356957676406055,baseline,1.5,2.4052727812757424
17.72820822527561,0.031083839700139337,Z,1.5,3.9829792355156948
11.287119621526534,0.03887888647731798,Z,1.5,4.275248513674202
15.171413823294056,0.039242991863522855,Z,1.5,5.0
23.15132947852186,0.05687570974394914,X,1.5,5.0
9.9858445829775,0.030788421510174566,X,1.5,5.0
13.207658460712594,0.034164343279382954,X,1.5,5.0
20.111022770860973,0.06199664341492758,baseline,1.5,5.0
9.57596330983245,0.037141786482173346,baseline,1.5,5.0
6.539598196575859,0.056109844314074994,X,1.5,5.0
10.795029058275361,0.03952731124186906,baseline,1.5,5.0
8.224425745080088,0.033977655710373804,Z,1.5,5.0
23.59395304685146,0.03972688763997816,Z,1.5,5.0
21.16240759128834,0.058890677274226366,Z,1.5,5.0
17.66807513020847,0.06422785872425144,X,1.5,5.0
22.429211803754356,0.06320879458267967,baseline,1.5,5.0
21.07344153798229,0.045887341184738195,X,1.5,5.0
8.731401177720716,0.05672340546282585,baseline,1.5,5.0
22.851179969799556,0.03819937181663284,Z,1.5,5.0
15.786844838313014,0.04172590921044053,X,1.5,5.0
21.14880310328125,0.06585343274084479,baseline,1.5,5.0
22.921825998469863,0.03052007694042944,baseline,1.5,5.0
11.360069499437277,0.033420341234178724,Z,1.5,5.0
7.201038490553535,0.038315450205841095,X,1.5,5.0
9.558703250838834,0.031061288154952786,X,1.5,5.0
13.542155772525126,0.03725741740359189,X,1.5,5.0
21.36029531844986,0.05332166243878769,Z,1.5,5.0
22.214611665126867,0.04685698202369992,X,1.5,5.0
5.1390426106238145,0.06570686844307899,Z,1.5,5.0
15.214946051551316,0.06269774246953763,Z,1.5,5.0
13.34822006297558,0.04367269406791504,Z,1.5,5.0
9.442156209414605,0.0403769373372517,baseline,1.5,5.0
7.3973073466736565,0.045187696326690674,X,1.5,5.0
11.752303428072558,0.05361179770059231,X,1.5,5.0
23.858194078250385,0.04072254563291505,Z,1.5,5.0
11.464058640415104,0.054965956313965364,Z,1.5,5.0
15.375812434867322,0.046376466087649615,X,1.5,5.0
19.060379177903556,0.05208188723407921,Z,1.5,5.0
12.27259204758588,0.047445061165412666,X,1.5,5.0
24.435641654419214,0.04177863038167671,baseline,1.5,5.0
24.248945898842223,0.06793813227848627,Z,1.5,5.0
10.035645916507283,0.06054423176639044,X,1.5,5.0
14.94497011784771,0.0356045270306581,Z,1.5,5.0
11.017566196335393,0.06473871903591652,X,1.5,5.0
10.696809887549353,0.049497247929980545,X,1.5,5.0
5.737738947090656,0.06578208907576366,Z,1.5,5.0
17.191286679597937,0.061994210237892616,baseline,1.5,5.0
15.05358046457723,0.04700854017876934,X,1.5,5.0
6.029575024999787,0.030898772332804695,X,1.5,5.0
10.57292928473223,0.04074709437539784,X,1.5,5.0
23.165317719333075,0.05166536858643468,baseline,1.5,5.0
9.791237813339448,0.055339128793045894,baseline,1.5,5.0
7.897897441824462,0.04031550741732809,Z,1.5,5.0
14.78905520555126,0.035574242962912964,baseline,1.5,5.0
24.713009082212015,0.06339720947197197,Z,1.5,5.0
9.841105430230009,0.06937608722814209,Z,1.5,5.0
18.442710948117572,0.05102760729210744,baseline,1.5,5.0
20.23239230657435,0.03686717143393214,Z,1.5,5.0
9.752750879847994,0.040892293060774756,baseline,1.5,5.0
19.56432697223719,0.030735627061898668,Z,1.5,5.0
12.355662654385064,0.06657195226241996,baseline,1.5,5.0
17.64611661187159,0.03471004331560565,baseline,1.5,5.0
17.670594215217896,0.053060659020570146,Z,1.5,5.0
15.71549368149517,0.040962208827488245,X,1.5,5.0
6.805795401088166,0.052167120100631736,Z,1.5,5.0
21.70604991178476,0.05605681553407457,baseline,1.5,5.0
11.415601299434716,0.06318967214828808,X,1.5,5.0
8.730370207997085,0.03825685087042413,Z,1.5,5.0
5.815502831095278,0.030439833146339218,Z,1.5,5.0
16.817858863764837,0.03547542520275229,Z,1.5,5.0
18.55128723684565,0.06600074567392421,X,1.5,5.0
5.331756578557123,0.06495560310250062,baseline,1.5,5.0
15.24186116598562,0.053896524086812336,Z,1.5,5.0
9.529915503958758,0.054020674417346135,Z,1.5,5.0
17.903455808188998,0.05660146698185022,Z,1.5,5.0
8.48732858009983,0.03701485114493799,Z,1.5,5.0
18.81875476204932,0.0665764778369984,Z,1.5,5.0
12.734706926010748,0.046750820995682923,baseline,1.5,5.0
23.73459977473469,0.0453255411299799,baseline,1.5,5.0
7.750418882919865,0.050756708211313506,Z,1.5,5.0
11.821327021005171,0.0318786386710022,X,1.5,5.0
7.269470424811781,0.036651334750243174,baseline,1.5,5.0
23.493872365571256,0.05952134465705482,X,1.5,5.0
22.54678706761962,0.03331194671700506,baseline,1.5,5.0
10.158832554303112,0.05412608437865553,Z,1.5,5.0
18.19968092068358,0.03981396438725284,baseline,1.5,5.0
21.344444004024318,0.04557182456167906,Z,1.5,2.3817551103720223
16.10401623198925,0.041547749470827997,baseline,1.5,0.8296573259421223
15.59301156712013,0.04422690865859796,Z,1.5,0.0
9.837045818009035,0.05876183620736983,Z,1.5,0.0
6.862055356117985,0.041884868624927005,Z,1.5,0.0
22.944315159066534,0.05265618561187589,Z,1.5,0.0
23.008361143266608,0.04904201608796399,X,1.5,0.0
17.66202914546536,0.05654684661450593,Z,1.5,0.0
11.780595820974014,0.06747318957299032,X,1.5,0.0
11.984191492253217,0.05930288388841001,X,1.5,2.646874266995125
19.519113577404788,0.03859761514363027,Z,1.5,4.275248513674202
22.942205199051543,0.031247325402451388,X,1.5,5.0
22.741728485302346,0.040490561771993006,baseline,1.5,5.0
20.597510917152476,0.05380311722801019,Z,1.5,5.0
17.840632923085757,0.03205703253937001,X,1.5,5.0
6.682799299900976,0.049854649888049454,Z,1.5,5.0
8.232574281892276,0.053873713956675576,Z,1.5,5.0
22.971083770541586,0.04336975563267843,Z,1.5,5.0
17.1285811931918,0.06083648814983288,X,1.5,5.0
5.1839410323325925,0.034263930125350874,baseline,1.5,5.0
7.0294308573206425,0.03300551126943235,baseline,1.5,5.0
18.270035382161115,0.05912755024814414,X,1.5,5.0
5.101231676924374,0.04981965264824794,Z,1.5,5.0
8.216161028349973,0.05753609585710945,X,1.5,5.0
15.974675787331723,0.04739309354414985,X,1.5,5.0
18.837903953853864,0.03985608132956427,X,1.5,5.0
18.03922519005201,0.06276409270696799,Z,1.5,5.0
9.485386189211196,0.061976635158759175,X,1.5,5.0
19.24358442695072,0.05778785883417707,Z,1.5,5.0
9.744981749936002,0.04088580548919851,X,1.5,5.0
11.507993963185355,0.05360922667476349,baseline,1.5,5.0
19.92982810236048,0.04443895587760108,X,1.5,5.0
17.992657980944294,0.033663282933065364,X,1.5,5.0
21.98446820988356,0.06669254301848972,baseline,1.5,5.0
18.15225784600687,0.03547274523675845,Z,1.5,5.0
16.36617206670943,0.06800949415283211,Z,1.5,4.275248513674202
6.8734953565618495,0.04784023091831823,X,1.5,2.6687792966711883
12.35431606118867,0.03740531715354479,baseline,1.5,1.5175327161437644
10.304047353634509,0.05167603789513433,Z,1.5,0.4299605830903784
9.87979286758167,0.06491783343505633,X,1.5,0.0
24.460211095048912,0.05928899545638246,baseline,1.5,0.0
12.861954493335208,0.062262445914457995,Z,1.5,0.0
22.840931103542268,0.0563513346684287,Z,1.5,0.0
17.622772519945258,0.0576910625807141,baseline,1.5,0.0
20.896226070832967,0.06396782606261278,baseline,1.5,0.0
15.052741862103842,0.03998672035436744,baseline,1.5,0.0
16.53807769252718,0.04957699854572562,baseline,1.5,0.0
14.850353876377278,0.03884837767278409,X,1.5,0.0
8.90485975596089,0.06950672031986588,baseline,1.5,0.0
19.44904230523011,0.06776237358746454,Z,1.5,0.0
10.615447248817116,0.031577072454740236,Z,1.5,0.0
5.486319328629077,0.05822300690062754,X,1.5,0.0
17.909445918143355,0.06700993269662664,Z,1.5,0.0
8.542213588140978,0.03722301380509334,Z,1.5,0.0
23.809171687058285,0.052717809222105186,baseline,1.5,0.0
24.078571540051747,0.06661953190352168,Z,1.5,2.338541669031939
23.29728780440897,0.03135783914343195,X,1.5,3.9706422684310017
12.403174005108887,0.0578968106898736,baseline,1.5,5.0
5.309132330577349,0.041893960294902034,baseline,1.5,5.0
23.566371251754507,0.06697584781506122,X,1.5,5.0
13.563682966346287,0.06884232980661473,baseline,1.5,5.0
24.333096380873393,0.06777065956453737,baseline,1.5,5.0
24.272399541785056,0.048968568666298555,X,1.5,5.0
22.060189109347203,0.06448170603957254,baseline,1.5,5.0
10.888977841391714,0.06378197594140282,X,1.5,5.0
12.701954572038506,0.042764018929730224,X,1.5,5.0
22.022733430337137,0.06315661896602709,Z,1.5,5.0
11.338440103125553,0.031480305388619706,Z,1.5,5.0
8.38985493372185,0.05385079513928212,baseline,1.5,5.0
16.136025249167005,0.03920035349150812,baseline,1.5,5.0
23.72309548321562,0.03482267543109115,X,1.5,5.0
18.92059593349946,0.03307812806516837,baseline,1.5,5.0
16.4012234017873,0.0578515510351256,X,1.5,5.0
6.94352987541537,0.043594998550722644,X,1.5,5.0
17.300144533983396,0.058990670861150465,baseline,1.5,5.0
24.801077002085265,0.0326142536319577,X,1.5,5.0
7.80168030473048,0.042611613513224414,Z,1.5,5.0
15.366593047274735,0.051579651695013495,baseline,1.5,5.0
22.547461438559107,0.06162892659355855,Z,1.5,5.0
19.815372355084087,0.042750100117282794,baseline,1.5,5.0
18.94031481990536,0.05503565505748037,X,1.5,5.0
19.049681679742186,0.06543910992944749,baseline,1.5,5.0
12.189823024395103,0.054634527527292184,Z,1.5,5.0
10.871836885289866,0.039318378990145356,X,1.5,5.0
21.187223109570272,0.03097603126226152,baseline,1.5,5.0
21.202267893583617,0.06480395495603719,baseline,1.5,5.0
22.341446371602075,0.030850776434015483,baseline,1.5,5.0
23.264811051129428,0.06498806690736798,Z,1.5,5.0
15.226847977218757,0.05115748536108848,Z,1.5,5.0
15.030325893743992,0.06756270794051586,baseline,1.5,5.0
20.965903579335503,0.06195132943094662,X,1.5,5.0
17.999278615555305,0.0699173644213335,X,1.5,5.0
19.03933754515407,0.04402847261806841,Z,1.5,5.0
20.91585338872202,0.06068753155724508,X,1.5,5.0
22.800106836351326,0.04607723654436969,Z,1.5,5.0
11.759903137030715,0.04919502481215636,baseline,1.5,5.0
12.51165905279888,0.05510021852873481,Z,1.5,5.0
6.87963879681738,0.06494708456745356,Z,1.5,5.0
16.56560281992348,0.06936333876797182,baseline,1.5,5.0
5.718845475934842,0.06073093655458073,X,1.5,4.23760354416062
14.311960362649202,0.04671067128669335,Z,1.5,3.3369903449201783
15.852892694151532,0.046854280091082806,Z,1.5,3.106202986807784
10.730825042565687,0.05950329206355566,baseline,1.5,3.007359329446064
16.816665211380215,0.039551085830732094,X,1.5,2.3521400848933376
5.610004998780989,0.03441896452525579,Z,1.5,0.0
5.746963774984288,0.04418488630563106,baseline,1.5,0.0
21.452011213193167,0.04148955966616327,Z,1.5,0.0
12.203812828225258,0.041852324818239604,baseline,1.5,0.0
7.541210253037695,0.0393443100419964,X,1.5,0.0
15.444865201096087,0.03168372758545447,X,1.5,0.0
20.399871061972217,0.03071495738933655,X,1.5,0.0
9.316420549936863,0.06950889558944126,X,1.5,0.0
17.457809516380003,0.04711092534943449,Z,1.5,0.0
6.70694929987536,0.04537306588638727,Z,1.5,0.0
6.033634423372154,0.057185891307722794,X,1.5,0.0
15.62709263136296,0.03873015551460257,X,1.5,0.0
15.81270243220213,0.06799844735800903,X,1.5,0.0
17.748598029964132,0.061453800576622086,Z,1.5,0.0
19.52182667445323,0.03357644009249038,X,1.5,0.0
24.51704158925069,0.04670323103139713,X,1.5,0.0
15.326006966023906,0.0651647323024866,X,1.5,0.0
11.459129458824918,0.06778928089165642,baseline,1.5,0.0
20.90372389537407,0.04869606044999479,X,1.5,0.0
10.416645025241484,0.054536455568428316,baseline,1.5,0.0
13.779428414112722,0.03668135784368301,baseline,1.5,0.0
6.569127626845319,0.06964674504547907,X,1.5,0.0
5.507014868309151,0.03926686805533774,baseline,1.5,0.0
24.252968293558503,0.06770927096540504,X,1.5,0.018678782755705295
21.719602410244118,0.05598586595969474,Z,1.5,1.5960000000000012
18.91948412187396,0.05430947179515437,Z,1.5,1.963449541284408
13.179058888285397,0.050507540440660345,Z,1.5,2.363167005079425
8.465886401416915,0.039226792468710345,Z,1.5,4.572077768385462
8.128740853421721,0.03706112128022033,baseline,1.5,4.958900288388116
10.004857963291906,0.03881944836280701,X,1.5,5.0
15.984533294122409,0.037457530485770184,X,1.5,5.0
19.291918454001248,0.06118337894267013,X,1.5,5.0
18.203947534354626,0.044005010366669206,Z,1.5,5.0
10.598677938918858,0.032313707062535856,Z,1.5,5.0
24.09730561326388,0.06876410520563246,X,1.5,5.0
19.75793833391537,0.06535143539853704,Z,1.5,5.0
16.087081050228015,0.06711009132780853,X,1.5,5.0
17.234414924687044,0.06979631290585742,X,1.5,5.0
13.392001248555799,0.03695580996877949,X,1.5,5.0
9.954619790023148,0.04584968075610635,X,1.5,5.0
12.119453573025233,0.06032953902816365,X,1.5,5.0
20.15692220928738,0.0578408247221517,X,1.5,5.0
5.287869772595117,0.036155836253594205,X,1.5,5.0
7.321452810138325,0.0626333249996247,Z,1.5,5.0
5.920052840435055,0.03897762287346643,X,1.5,5.0
5.814576046379402,0.038952704592904924,X,1.5,5.0
22.109211680220145,0.051478976915736545,Z,1.5,5.0
19.073157187600472,0.05371759739366813,Z,1.5,5.0
14.483476581746505,0.05320344831351245,Z,1.5,5.0
6.95668321302003,0.0336594734959102,X,1.5,5.0
14.832317502336647,0.06509843450521521,baseline,1.5,5.0
14.469435415611313,0.04062400170354824,baseline,1.5,5.0
8.464037398200304,0.03518059685131217,Z,1.5,5.0
13.67703298475946,0.0655499231947591,baseline,1.5,5.0
12.97009468794747,0.06822605992919015,Z,1.5,5.0
17.31700196104433,0.06448510469061802,X,1.5,5.0
17.701873017352874,0.06238064298899513,baseline,1.5,5.0
5.90608019544089,0.056209679225560874,X,1.5,5.0
12.492252292529425,0.05203429482436557,baseline,1.5,5.0
17.517198314284727,0.03347947039645641,X,1.5,5.0
15.062725171601754,0.046338128522827954,baseline,1.5,5.0
22.129796823766444,0.04490754068049256,X,1.5,5.0
18.173872632378902,0.040390151350413045,X,1.5,5.0
8.258688541628594,0.0589368045475434,baseline,1.5,5.0
6.411374948008596,0.049835029403150835,X,1.5,5.0
17.84838556412631,0.033241848636305915,X,1.5,5.0
5.530226210832437,0.038807328077992455,X,1.5,4.454262252844728
16.715511625469265,0.05733035054638384,baseline,1.5,1.2182000673795608
23.80460482849915,0.03304523437961201,baseline,1.5,0.0
16.50948355751758,0.06404827656195075,X,1.5,0.0
12.763398524130437,0.049805861080558976,X,1.5,0.0
17.865764368847064,0.049223463093065925,baseline,1.5,0.0
14.165057809830333,0.05369631138638071,baseline,1.5,0.0
15.9123357863187,0.06298723863700598,X,1.5,0.0
23.8292961755305,0.043912368316087726,X,1.5,0.0
12.722052756015485,0.057120646102362546,X,1.5,0.0
24.223811276478283,0.05262927855983164,Z,1.5,0.0
23.107012839121275,0.04068113080677685,baseline,1.5,0.0
8.915822695785929,0.06514519945420633,Z,1.5,0.0
6.387226017503309,0.06189704086427713,baseline,1.5,0.0
7.015560027548533,0.05633807338633702,baseline,1.5,0.0
5.364436513030995,0.06402326916376969,baseline,1.5,0.0
6.888859215118568,0.0646917680383921,baseline,1.5,0.0
18.660135468327137,0.0583345190686014,baseline,1.5,0.0
6.423772969204579,0.06348053313454688,baseline,1.5,0.0
11.379512605875226,0.057898858466771355,baseline,1.5,0.0
21.89750621938909,0.05720563087041202,Z,1.5,0.0
5.465438714716518,0.05474445512860737,X,1.5,0.0
21.289369651778717,0.060108665582305654,X,1.5,0.0
10.637095495468,0.03634420421172295,Z,1.5,0.0
7.363296552433125,0.06523483036795714,Z,1.5,1.5960000000000012
18.934743307283014,0.06487374110980929,Z,1.5,4.545008561852525
17.578856935597678,0.031169891321382363,Z,1.5,5.0
22.54944027054106,0.06303267002259051,baseline,1.5,5.0
19.701420876077716,0.03515479469893781,X,1.5,5.0
21.06961860769697,0.04340475417036568,baseline,1.5,5.0
10.640691451426129,0.059740330251664316,X,1.5,5.0
8.548790875594456,0.03643039584193233,X,1.5,5.0
20.012295032817168,0.06271868096476249,Z,1.5,5.0
21.13669478534528,0.06328536711830968,baseline,1.5,5.0
24.810102840013467,0.05029870935043345,Z,1.5,5.0
13.25235353822853,0.030255434868673343,baseline,1.5,5.0
12.440361715855664,0.04148152532699651,X,1.5,5.0
20.528259214839935,0.054677076735029695,Z,1.5,5.0
11.816070805060356,0.06924744712109696,Z,1.5,5.0
23.615146512071295,0.05527254108066674,X,1.5,5.0
22.168255036860238,0.04039214324256639,X,1.5,5.0
13.579880547500366,0.05536022812398446,X,1.5,5.0
20.017421355829946,0.05159941518863422,Z,1.5,5.0
20.090857481693646,0.06119381580604575,baseline,1.5,5.0
7.062477376718652,0.03427922555307834,Z,1.5,5.0
23.051058133591333,0.06044111610008113,baseline,1.5,5.0
15.105047448957142,0.05165066314704442,Z,1.5,5.0
21.529149322154833,0.0685196801543598,Z,1.5,5.0
11.400992020612236,0.04367488664154744,X,1.5,5.0
22.91046456992401,0.05530487572535793,baseline,1.5,5.0
12.784033574683262,0.0672811242204007,Z,1.5,5.0
5.216753029605967,0.03410038911962717,Z,1.5,5.0
23.107639528385274,0.06748913948945806,X,1.5,5.0
6.825733535722671,0.05751542889203254,X,1.5,5.0
11.386272751808297,0.032713482364206875,baseline,1.5,5.0
24.0012393410161,0.04203854267787265,Z,1.5,5.0
24.012142938751122,0.05832688354581127,baseline,1.5,4.572077768385462
16.46875776246572,0.03269402405875087,Z,1.5,5.0
17.636744243395984,0.053286818407050934,baseline,1.5,5.0
13.968910439566395,0.043835322278118274,X,1.5,5.0
10.864215433961292,0.054836620710699086,Z,1.5,5.0
11.57329090739832,0.03182968135250051,baseline,1.5,5.0
18.450369121540767,0.06486147224609506,X,1.5,5.0
20.0474905887536,0.06893955876709588,X,1.5,5.0
20.83158087451697,0.06875511421142766,baseline,1.5,5.0
20.792362855891078,0.05998607326971699,Z,1.5,5.0
6.824122060973807,0.03520344960522528,Z,1.5,5.0
14.888406094051629,0.060330527837160905,X,1.5,5.0
6.151175200332886,0.03098347665835206,Z,1.5,3.9706422684310017
15.99057764647471,0.030884942061159888,Z,1.5,3.3741068118313406
13.83061002746754,0.04294440876598165,Z,1.5,1.4515244445178554
22.754083655165996,0.049545727616186634,X,1.5,0.018678782755705295
12.018300251041573,0.06081629671231173,baseline,1.5,0.0
7.341340328552118,0.057331815064260216,Z,1.5,0.0
7.859833641056717,0.04783610825506994,X,1.5,0.0
20.230212634349446,0.04094506665126664,X,1.5,0.0
17.364361266325222,0.06988498000630845,baseline,1.5,0.0
7.022453522455805,0.04704725208943892,Z,1.5,0.0
6.682136122299949,0.04805548097318702,Z,1.5,0.0
19.0193826291824,0.03654495284766677,baseline,1.5,0.0
6.4552601272838706,0.06179238194999718,baseline,1.5,0.0
21.437201185807126,0.05774728903125955,X,1.5,0.0
19.124844543129925,0.03883078451155042,X,1.5,0.0
6.626975612837995,0.033295241824633705,baseline,1.5,0.0
6.696754281703838,0.05721997208298853,Z,1.5,0.0
24.732791570023508,0.05618044857124541,X,1.5,1.2182000673795608
12.485415915122406,0.04093038107992837,X,1.5,4.424618594137727
12.412842941337818,0.06803454249001642,Z,1.5,4.572077768385462
21.25599134515005,0.03604231567123601,X,1.5,3.6579849624060192
23.944971547677174,0.047293392041704074,Z,1.5,3.232462746962232
24.720021276457416,0.06774463680670396,Z,1.5,2.6687792966711883
20.067563705178834,0.0467890926770449,Z,1.5,2.6687792966711883
12.525191710618316,0.05554103790656342,baseline,1.5,2.707937356564399
6.670014333973375,0.045903775918511774,baseline,1.5,3.092963558051235
20.542938318548735,0.0409686080939468,baseline,1.5,3.9706422684310017
16.1680849947161,0.06935910591839314,Z,1.5,4.34519444544277
13.484440184939526,0.04637336025260172,Z,1.5,4.784962282580427
23.12708770189472,0.06576396814716538,baseline,1.5,4.861392539089755
7.223949646123026,0.039198184235643446,X,1.5,5.0
14.852502085817182,0.03852418816100334,Z,1.5,5.0
5.227072895348382,0.031245363315380453,X,1.5,5.0
14.373212839882525,0.0560666730150354,X,1.5,5.0
6.126065513636747,0.044741053748950446,Z,1.5,5.0
7.376358325361439,0.06457432999358548,Z,1.5,5.0
7.350524935542097,0.04892839626766229,X,1.5,5.0
17.984206042321272,0.06872773711658887,X,1.5,5.0
19.920897585308467,0.03742102062812484,baseline,1.5,5.0
16.667375301943192,0.06474492671822443,baseline,1.5,5.0
24.243450969490837,0.06106387411166968,Z,1.5,5.0
12.497411590474082,0.06083687378576208,baseline,1.5,5.0
10.714241725637216,0.06379132912467551,baseline,1.5,5.0
22.371982563789206,0.06044095963771996,baseline,1.5,5.0
9.471916770389052,0.05504881286525662,baseline,1.5,5.0
24.264450788812226,0.035249795107295506,X,1.5,5.0
5.243089493796327,0.03130104717965008,Z,1.5,5.0
24.39757653415278,0.06683391391262748,baseline,1.5,5.0
5.863198239011522,0.05466601258082952,X,1.5,5.0
22.822862273961423,0.061861491639047056,X,1.5,5.0
15.554022181725998,0.049260894060502006,X,1.5,5.0
24.859295922386007,0.03469232755849578,baseline,1.5,5.0
6.475931294707977,0.03500743168810202,baseline,1.5,5.0
16.077085688026415,0.05742261148915886,Z,1.5,5.0
24.38605071238198,0.04721223579597851,baseline,1.5,5.0
15.461956883402976,0.03802098906801347,baseline,1.5,5.0
17.58797276270525,0.049663781869657475,X,1.5,5.0
18.914973779692343,0.032568357483005364,Z,1.5,5.0
14.090821295355465,0.05327885607657595,baseline,1.5,5.0
17.55116160168127,0.04075973617740391,baseline,1.5,5.0
16.686286238462003,0.06190236402548753,X,1.5,5.0
23.02316020981978,0.04241447835694295,X,1.5,5.0
5.908927606829158,0.04820880596327205,baseline,1.5,5.0
10.619263791844606,0.030464821596324024,Z,1.5,5.0
24.008229681531176,0.03289787551178235,Z,1.5,5.0
22.805275677818326,0.0456997422562674,X,1.5,5.0
14.11313505571426,0.04919755338868494,X,1.5,5.0
17.402651956030734,0.05400082192477215,baseline,1.5,5.0
10.547623659622653,0.04166650314837213,X,1.5,5.0
8.762423194475225,0.05779927544506171,baseline,1.5,5.0
14.273968098799642,0.06440489588756819,Z,1.5,5.0
12.067044560521056,0.06119403955573399,Z,1.5,5.0
16.67312223701744,0.031584753013934284,baseline,1.5,5.0
6.554692739299696,0.04922027789031316,X,1.5,5.0
24.48789615332333,0.034197207136727,Z,1.5,5.0
24.72421488959206,0.0396818006345011,X,1.5,5.0
18.963234280394904,0.06946650373068586,Z,1.5,5.0
15.721927326882408,0.03569982171606053,baseline,1.5,5.0
11.190552325726555,0.04995552613805425,baseline,1.5,5.0
21.275900394138972,0.05472622937272477,baseline,1.5,5.0
18.694623451077586,0.05809859882176416,Z,1.5,5.0
8.252338786897827,0.05238594733947657,X,1.5,5.0
23.21854368987685,0.030390833896767347,X,1.5,5.0
21.45074485846338,0.043058452329759675,X,1.5,5.0
23.99599826583848,0.05070846573538846,Z,1.5,5.0
19.5143901677672,0.033514659965793336,Z,1.5,5.0
17.268303918715798,0.04402507724836723,Z,1.5,5.0
13.364860725812377,0.03132812435165466,Z,1.5,5.0
23.654569667080267,0.03314313988620083,Z,1.5,5.0
22.321277790008168,0.04587693104806384,X,1.5,5.0
5.904373402123788,0.035308630161722414,Z,1.5,5.0
5.5273394899450405,0.05270163393046233,Z,1.5,5.0
12.529267337560992,0.05757859876549064,X,1.5,5.0
21.211066615636657,0.06202346796436332,Z,1.5,5.0
24.74552258629889,0.038006009769792404,X,1.5,5.0
8.008337822070564,0.03669930329036279,X,1.5,5.0
16.8826143070427,0.034182713613376006,baseline,1.5,5.0
12.61781713262043,0.05545720998174547,baseline,1.5,5.0
24.398287956292066,0.05825902905947605,baseline,1.5,5.0
21.842378462714173,0.03126344579302568,baseline,1.5,5.0
21.766574094222758,0.0674484898497476,Z,1.5,5.0
14.373863195899405,0.032078851346058895,baseline,1.5,5.0
13.296390046753304,0.05165185341204282,X,1.5,5.0
10.468141438614126,0.05836242077803666,Z,1.5,5.0
6.127509933018542,0.06483876494984342,baseline,1.5,5.0
22.294447525101063,0.058563477285297115,X,1.5,5.0
21.258020182601552,0.06206912332279168,Z,1.5,5.0
24.99435346572261,0.043578007701712246,Z,1.5,5.0
24.93273674147811,0.0625930045498605,baseline,1.5,5.0
16.10863411205255,0.033204593855387,Z,1.5,5.0
20.37974830361021,0.06579266624242111,X,1.5,5.0
23.89531459764856,0.05190369504614945,Z,1.5,5.0
21.99294781354823,0.06269191079849976,X,1.5,5.0
9.946962034863953,0.04809273138073201,Z,1.5,5.0
14.01088270620187,0.055743107807861,baseline,1.5,5.0
7.5831883030299,0.05105610643744453,X,1.5,4.275248513674202
24.081020545174447,0.05926358087021328,Z,1.5,3.0351659794640695
17.123492689017603,0.03326519928122358,Z,1.5,2.6687792966711883
9.572856110069255,0.03241408335962255,Z,1.5,0.2668629024971554
18.434013688117133,0.03988412936040586,X,1.5,0.0
17.362564809157917,0.03638178720452753,X,1.5,0.0
12.16325436065681,0.06487134266368808,X,1.5,0.0
7.27115184399258,0.03876855949432177,baseline,1.5,0.0
18.431463911855992,0.06903461023276526,baseline,1.5,0.0
15.406154018075867,0.043475831670844275,X,1.5,0.0
20.446367834712788,0.037284716627547974,Z,1.5,0.0
15.403270022239868,0.06158794028569917,baseline,1.5,0.0
22.0436300063708,0.05634831102003505,X,1.5,0.0
16.03813677548971,0.04992782865812556,Z,1.5,0.0
16.218759430707728,0.05221454203750525,baseline,1.5,0.0
22.5330720531669,0.05876807113089055,Z,1.5,0.0
13.069657324247942,0.03913818965325195,Z,1.5,0.0
7.680304569012815,0.06985335664226969,Z,1.5,1.5426718235764432
5.5756535262667795,0.06899172648587133,Z,1.5,4.861392539089755
20.10274511347238,0.056013027453877484,baseline,1.5,4.950155182326889
17.406191027069294,0.037981698037165806,baseline,1.5,5.0
19.08159536198447,0.05720912969725166,baseline,1.5,5.0
9.259283230178214,0.032887936359167036,X,1.5,5.0
7.727429511735395,0.03122610008823224,baseline,1.5,5.0
5.290893313357639,0.04030731554044855,Z,1.5,5.0
12.01175117613194,0.04850491826957265,baseline,1.5,5.0
16.79835373709266,0.06473090021633524,Z,1.5,5.0
12.844880901994646,0.05908676279065232,X,1.5,5.0
13.749498440474582,0.059708260847999246,Z,1.5,5.0
23.083173889874967,0.04701973337792302,Z,1.5,5.0
11.965109340466007,0.04383739970187852,Z,1.5,5.0
15.279789783196216,0.04484155051938411,X,1.5,5.0
20.67306025482286,0.06950598254944232,baseline,1.5,5.0
12.930855646425403,0.0316043676564993,baseline,1.5,5.0
17.441734004557468,0.06468125984489795,X,1.5,5.0
22.247274174934905,0.053147016342895745,Z,1.5,5.0
23.990412473152844,0.04754461676758362,baseline,1.5,5.0
7.941469618580759,0.059010306416605464,X,1.5,5.0
23.53175250322989,0.04946675765698812,baseline,1.5,5.0
14.842325861590764,0.06493692952326643,X,1.5,5.0
10.164887765979167,0.06602807456045034,Z,1.5,5.0
14.182715124765226,0.04686883707493822,baseline,1.5,5.0
24.600651505709543,0.04107311188940206,X,1.5,5.0
14.852361879857392,0.053694013143734495,baseline,1.5,5.0
11.575032205750164,0.06649453382466765,baseline,1.5,5.0
17.668017086334515,0.038426487560226666,baseline,1.5,5.0
9.802912375563862,0.054918663342539316,baseline,1.5,5.0
6.517266562173278,0.05526240880370083,X,1.5,5.0
7.5775944382129845,0.05932452089661124,Z,1.5,5.0
7.560916779155448,0.03526270740509039,X,1.5,5.0
8.038053870245887,0.05863299858728355,X,1.5,5.0
7.776543452988203,0.06636130082662564,X,1.5,5.0
17.817494896064293,0.037187324354809675,Z,1.5,5.0
8.637601687982897,0.039501732996955106,baseline,1.5,5.0
11.913345666477264,0.06885580376166558,baseline,1.5,5.0
22.935768198120236,0.03723907810837959,baseline,1.5,5.0
14.479232805257446,0.06417540373478317,Z,1.5,5.0
18.351154770420543,0.049691114257921394,baseline,1.5,5.0
8.446397424032597,0.03988924297612708,Z,1.5,5.0
8.845780376173416,0.06482999605090045,baseline,1.5,4.202899916525267
5.817372325329577,0.04781221020010662,baseline,1.5,3.6579849624060192
8.378701261443291,0.05059269415718761,X,1.5,3.6579849624060192
10.571806780639172,0.04436933477599063,Z,1.5,3.6579849624060192
8.540209685534936,0.0537180340573971,X,1.5,5.0
6.774050675141112,0.03654095490340091,X,1.5,5.0
7.412717422012016,0.04564326146607043,X,1.5,5.0
14.215575360654515,0.0687764928934115,Z,1.5,5.0
9.12667436811585,0.040325337308045106,Z,1.5,5.0
12.28539722096151,0.05626946658165169,baseline,1.5,5.0
15.068345417097138,0.04300760256898779,X,1.5,5.0
18.807896572587307,0.060938925027464036,baseline,1.5,5.0
5.786242796821979,0.035234946428733996,X,1.5,5.0
20.988207978180853,0.0687928418031418,Z,1.5,5.0
17.558007789818156,0.04815158165534557,Z,1.5,5.0
6.635180638977438,0.03944201853385856,Z,1.5,5.0
22.471572482135546,0.0329398698932005,X,1.5,5.0
23.417448010636264,0.03679031620350163,Z,1.5,5.0
6.221559197097275,0.050790957942240714,X,1.5,5.0
10.537552962944075,0.043480127057251454,baseline,1.5,5.0
21.124025595861227,0.06315533463530439,X,1.5,5.0
19.965193807673167,0.04723550094647224,baseline,1.5,5.0
8.690420387127546,0.0399485709035052,X,1.5,5.0
9.186986466734206,0.0546857994641612,baseline,1.5,5.0
12.40944205582764,0.05827108867541784,Z,1.5,5.0
14.690459703820427,0.036681676316038,baseline,1.5,5.0
17.36509543060592,0.03670476865153271,Z,1.5,5.0
12.378272791395448,0.03146685707734172,Z,1.5,5.0
14.250694322662959,0.059456080602625624,baseline,1.5,5.0
19.94941876267513,0.05655218110487221,X,1.5,5.0
5.733664057811958,0.04898523502999256,X,1.5,5.0
10.048738886880415,0.06376681795876789,X,1.5,5.0
19.26699171769105,0.06222680611800213,X,1.5,5.0
22.904136753743987,0.05341417457587009,X,1.5,5.0
15.233548842313322,0.06473085122053035,Z,1.5,5.0
15.642269705306314,0.03823364840147073,X,1.5,5.0
7.143440226795521,0.03447678477590911,Z,1.5,5.0
13.948247336469093,0.040789984460679586,Z,1.5,5.0
15.652345329100463,0.03228347424357259,Z,1.5,5.0
9.849410072694592,0.05124678112004129,baseline,1.5,5.0
10.384864618987619,0.06746422769179847,baseline,1.5,5.0
12.545683262092453,0.031573741626740384,Z,1.5,5.0
5.401423955554527,0.03488439656040107,baseline,1.5,5.0
11.441583311663566,0.04808796113133741,X,1.5,5.0
9.228960139930892,0.0673550007011162,X,1.5,5.0
11.549947043558292,0.042646244199070024,Z,1.5,5.0
7.395242636385024,0.0502893923475357,X,1.5,5.0
22.8105456147979,0.03166291436201568,Z,1.5,5.0
16.871849071080973,0.035933728038483555,Z,1.5,5.0
18.582046382889793,0.06946520491835388,X,1.5,5.0
20.783424772146766,0.06860474785744183,baseline,1.5,5.0
14.968843978581145,0.030197599237376384,X,1.5,5.0
6.738405761748474,0.06807247141692957,X,1.5,5.0
15.742130836370956,0.055564797512620015,Z,1.5,5.0
16.736822360417584,0.0647167317808009,Z,1.5,5.0
19.9087894836866,0.04818959422535436,Z,1.5,5.0
13.633190924593588,0.05062384114317001,Z,1.5,5.0
7.551606055911275,0.04955386321027681,baseline,1.5,5.0
10.675518115974489,0.05667457030184418,baseline,1.5,5.0
12.261645927972701,0.035586050190252516,baseline,1.5,5.0
17.918344826632023,0.031198943594907116,Z,1.5,5.0
16.41556609337824,0.04231719766364764,Z,1.5,5.0
12.121934517956925,0.05818723050946587,Z,1.5,5.0
24.730304975859593,0.038074138084917934,baseline,1.5,5.0
17.115496387137743,0.0569372973329967,Z,1.5,5.0
9.74453583471989,0.06879648184429082,X,1.5,5.0
7.035649452408075,0.033756028631576736,X,1.5,5.0
8.05718278368664,0.05690408472900506,Z,1.5,5.0
9.919154567690162,0.04775000877218285,X,1.5,5.0
8.213627465191113,0.06472569017510021,X,1.5,5.0
8.731340481026116,0.03708599157789544,baseline,1.5,5.0
10.701903373876942,0.05770503808904659,Z,1.5,5.0
8.467471905895096,0.06352461158592441,Z,1.5,5.0
22.935308492528502,0.06778456877896094,baseline,1.5,5.0
6.604674913232844,0.05732992113158584,X,1.5,5.0
15.490227791405093,0.049886990560337095,X,1.5,5.0
13.20793653979323,0.05471388960804856,Z,1.5,5.0
24.64757233817213,0.06475619937914873,X,1.5,5.0
7.240778043361047,0.05282438986555319,baseline,1.5,5.0
12.957111980914833,0.031215482387873472,baseline,1.5,5.0
24.38940866550738,0.06723794782027911,Z,1.5,5.0
22.310142517879605,0.05758107004126245,baseline,1.5,5.0
21.3414414189856,0.05706053543108987,baseline,1.5,5.0
10.158056540898796,0.03862700609590869,Z,1.5,5.0
8.417751747801317,0.05635541880930629,baseline,1.5,5.0
18.37286439848862,0.04575457622616634,baseline,1.5,5.0
23.587519782551716,0.056049319081659686,baseline,1.5,5.0
16.135257860278596,0.03426372121231963,X,1.5,5.0
16.432253789397997,0.056313812184121445,Z,1.5,5.0
10.599581873205683,0.06997654903082667,Z,1.5,5.0
20.389858663838737,0.03192848155442224,Z,1.5,5.0
8.740874971150468,0.0690869673688527,X,1.5,5.0
11.473584728084873,0.04627631842891483,X,1.5,5.0
13.508728772328336,0.06483013801349037,Z,1.5,5.0
15.1522075736891,0.06129541936233095,X,1.5,5.0
9.848194648301604,0.052680650439466715,Z,1.5,5.0
7.296736494784071,0.05953796837005307,X,1.5,5.0
17.21240084883265,0.06514062245205393,baseline,1.5,5.0
10.772611064805115,0.04616561286604132,baseline,1.5,5.0
16.624764428452245,0.043081326462529546,Z,1.5,5.0
8.087254305484047,0.056703735422543394,X,1.5,5.0
14.62280203709635,0.06231383767765035,X,1.5,5.0
15.651788651031717,0.06049140539106464,baseline,1.5,5.0
6.036470736448538,0.06191254595434539,baseline,1.5,5.0
11.732085563878412,0.047423332592517325,X,1.5,5.0
7.688293538779485,0.06271336864700086,X,1.5,5.0
6.267499409455355,0.034808362214824334,X,1.5,5.0
24.799204647798906,0.05177956391843398,X,1.5,5.0
11.447076899494459,0.03023034641992486,X,1.5,5.0
21.1974889170927,0.04298343319601081,X,1.5,5.0
10.092813095275277,0.044658461394855915,Z,1.5,5.0
18.630054444478585,0.04584690766437022,X,1.5,5.0
20.204557197793733,0.057818688267594495,baseline,1.5,5.0
16.912774812156886,0.045542324050813834,Z,1.5,5.0
14.431523771003167,0.047947744904901224,X,1.5,5.0
13.236818282945372,0.0395017652349731,baseline,1.5,5.0
11.977365330859906,0.044930071665173606,Z,1.5,5.0
23.59058288495652,0.03909078509052606,baseline,1.5,5.0
21.612388155754584,0.03292783695073775,X,1.5,5.0
24.300538213330253,0.05413794373525512,X,1.5,5.0
7.485944469710894,0.05672851194220065,X,1.4813584926178376,5.0
19.617349504072884,0.054779613840384586,X,1.4793129778083287,5.0
23.766809136420758,0.048539761752022896,Z,1.487708413891518,5.0
8.624661323313203,0.045191431207169196,Z,1.493052639437119,5.0
6.32992534733555,0.06453334598287302,baseline,1.478630421759977,5.0
19.82241298580118,0.05076327140544873,X,1.4657413841170626,5.0
16.489462263598238,0.04916727510518924,baseline,1.4617396234806115,5.0
21.83657553516544,0.031025682632257426,Z,1.4523352963760754,5.0
7.79544753252579,0.043649913105046255,X,1.4523352963760754,5.0
20.905346237197804,0.045207824751434283,X,1.4523352963760754,5.0
9.03254640095489,0.045952911235876026,Z,1.4467351422645627,5.0
8.27311885731409,0.053206894769093294,Z,1.4390921993207837,5.0
8.285315958619858,0.05134410186907514,Z,1.4276281477850157,5.0
21.29149440462764,0.05431620371173779,Z,1.4130851438997836,5.0
18.303944413924,0.06059533046168514,Z,1.3970076558132445,5.0
15.461308495382386,0.06251942954864374,X,1.3877009931234916,5.0
12.17660968247005,0.05872492304905978,Z,1.3797489872036706,5.0
22.544010816262166,0.0682209478381974,X,1.363657823320249,5.0
12.848902148452709,0.030729303307054465,X,1.3629212088299612,5.0
21.33198878943154,0.037831119427341846,Z,1.3629212088299612,5.0
13.782698171404368,0.030302514999125684,Z,1.3629212088299612,5.0
12.538888588498152,0.055898988566184124,X,1.3548734425077238,5.0
14.253595713392128,0.06592122195799949,Z,1.3268457802428408,5.0
11.027557483282841,0.03973929186305197,Z,1.3263209549683224,5.0
19.952187603525022,0.06708138179185227,Z,1.3035000603165798,5.0
15.054407801849583,0.032410695611582434,baseline,1.3035000603165798,5.0
9.644253902936345,0.06737744107222057,X,1.3035000603165798,5.0
22.991491465491368,0.04406490748958538,baseline,1.3035000603165798,5.0
12.677824427464229,0.03405683313796866,Z,1.3035000603165798,5.0
15.871057222279772,0.04943487036745303,baseline,1.2988967683071515,5.0
23.12944221929094,0.04027106270882032,Z,1.292459988924241,5.0
17.484759918279842,0.041394916078476916,baseline,1.2920323838878112,5.0
7.337960814167282,0.042291598597051464,Z,1.2920323838878112,5.0
23.796642472269504,0.06212103591330654,baseline,1.2920323838878112,5.0
17.554161061428356,0.05156645106701018,baseline,1.2870859329965028,5.0
11.698112293141723,0.042452307966240145,baseline,1.2806988313683378,5.0
7.785441453267746,0.05441335133243674,X,1.2806988313683378,5.0
20.88050378540592,0.05864602696892775,baseline,1.2806988313683378,5.0
17.40145511857027,0.04090496002934135,X,1.2806988313683378,5.0
15.66922183952643,0.04654196406101406,Z,1.2806988313683378,5.0
22.877851661019154,0.0348754437334779,baseline,1.2806988313683378,5.0
20.771944224490614,0.03724597398138721,Z,1.2806988313683378,5.0
8.033497594655024,0.057244714158599316,Z,1.2806988313683378,5.0
11.234441355910965,0.037257533907825074,baseline,1.2833986890098983,5.0
9.969782796289316,0.05100653534668241,X,1.2920323838878112,5.0
19.878925851453538,0.05836185046889732,baseline,1.2893570268075178,5.0
5.670648694715588,0.034275076923789755,Z,1.2806988313683378,5.0
16.39779369742633,0.052692488785156144,Z,1.2806988313683378,5.0
20.24917371481381,0.04026251134805455,baseline,1.2806988313683378,5.0
22.53531273523499,0.0685170750095032,X,1.2806988313683378,5.0
11.841634974318149,0.04934182586879699,X,1.2806988313683378,5.0
21.425146093440258,0.06223970199100633,Z,1.2760906979826718,5.0
7.2126347391041445,0.052009061686250475,Z,1.2694974476158738,5.0
21.929045834690363,0.03173650131419277,X,1.2694974476158738,5.0
7.549773246639648,0.055326055023760895,baseline,1.2694974476158738,5.0
12.945745811207345,0.0680561336882663,Z,1.2763894514246212,5.0
20.94590731559107,0.05406447280585325,X,1.278260715533051,5.0
7.998348546975476,0.06276755437707161,Z,1.2806988313683378,5.0
9.58502790465283,0.06536825853393632,baseline,1.2819984130530535,5.0
