Distance,Speed,Throttle,Brake,nGear,RPM,Time
0.0,292.3124992,100.0,False,7,10664.4218944,0 days 00:00:00
7.908868012444445,293.5249984,100.0,False,7,10635.0187888,0 days 00:00:00.097000
24.18886801244444,296.0,100.0,False,8,10575.0,0 days 00:00:00.295000
24.35331937925787,296.0124602641665,100.0,False,8,10575.747615849992,0 days 00:00:00.297000
50.75943049036898,298.0,100.0,False,8,10695.0,0 days 00:00:00.616000
65.83321114245787,299.81000192,100.0,False,8,10723.96003072,0 days 00:00:00.797000
77.5469333397912,301.20999936,100.0,False,8,10746.35998976,0 days 00:00:00.937000
84.17415556201341,302.0,100.0,False,8,10759.0,0 days 00:00:01.016000
97.73426873499119,303.20749952,100.0,False,8,10796.83498496,0 days 00:00:01.177000
117.98287984610229,305.0,100.0,False,8,10853.0,0 days 00:00:01.416000
118.06760484592452,305.00999936,100.0,False,8,10853.27998208,0 days 00:00:01.417000
135.0378826237023,307.0,100.0,False,8,10909.0,0 days 00:00:01.616000
145.3564937348134,307.0,100.0,False,8,10908.4958336,0 days 00:00:01.737000
155.50454929036894,307.0,100.0,False,8,10908.0,0 days 00:00:01.856000
165.85705158725784,308.0083328,100.0,False,8,10936.569429333333,0 days 00:00:01.977000
186.43760714281342,310.0,100.0,False,8,10993.0,0 days 00:00:02.216000
205.56541684259102,311.5842304036174,100.0,False,8,11058.745561750122,0 days 00:00:02.437000
210.59208350925772,312.0,100.0,False,8,11076.0,0 days 00:00:02.495000
222.8987501759244,312.0,100.0,False,8,11105.58336,0 days 00:00:02.637000
231.3920835092577,312.0,100.0,False,8,11126.0,0 days 00:00:02.735000
243.7587621347815,313.52142994285714,100.0,False,8,11142.228586057143,0 days 00:00:02.877000
255.83376213478152,315.0,100.0,False,8,11158.0,0 days 00:00:03.015000
257.7587621347815,315.0,100.0,False,8,11164.6000384,0 days 00:00:03.037000
269.83376213478147,315.0,100.0,False,8,11206.0,0 days 00:00:03.175000
282.2937691107815,315.8875008,100.0,False,8,11207.7750016,0 days 00:00:03.317000
297.9676579996704,317.0,100.0,False,8,11210.0,0 days 00:00:03.495000
301.66740479023446,317.1211534769231,100.0,False,8,11215.653828923078,0 days 00:00:03.537000
390.37851590134557,320.0,100.0,False,8,11350.0,0 days 00:00:04.535000
403.1132948471233,320.5958336,100.0,False,8,11357.1500032,0 days 00:00:04.678000
411.76246151379,321.0,100.0,False,8,11362.0,0 days 00:00:04.775000
417.38455526845667,321.2625002666667,100.0,False,8,11373.550011733334,0 days 00:00:04.838000
428.1099719440122,321.7625002666667,100.0,False,8,11395.550011733334,0 days 00:00:04.958000
433.2083052773455,322.0,100.0,False,8,11406.0,0 days 00:00:05.015000
449.5766386106789,322.0,100.0,False,8,11403.458332444445,0 days 00:00:05.198000
465.40830527734556,322.0,100.0,False,8,11401.0,0 days 00:00:05.375000
465.6766490275678,322.0125002666667,100.0,False,8,11400.8499968,0 days 00:00:05.378000
486.94081569423446,323.0,100.0,False,8,11389.0,0 days 00:00:05.615000
489.00442680534553,323.0,100.0,False,8,11389.46000128,0 days 00:00:05.638000
503.3599823609011,323.0,100.0,False,8,11392.66000128,0 days 00:00:05.798000
504.8852601386789,323.0,100.0,False,8,11393.0,0 days 00:00:05.815000
524.8933156942345,323.0,100.0,False,8,11392.070833066668,0 days 00:00:06.038000
547.9519268053456,323.0,100.0,False,8,11391.0,0 days 00:00:06.295000
548.2210830551234,322.9874997333333,100.0,False,8,11391.0,0 days 00:00:06.298000
566.1185367440123,322.1541664,100.0,False,8,11391.0,0 days 00:00:06.498000
569.4279811884568,322.0,100.0,False,8,11391.0,0 days 00:00:06.535000
603.3168700773456,305.0,0.0,True,8,10484.0,0 days 00:00:06.935000
603.48602565139,304.48003328,0.0,True,8,10479.77027072,0 days 00:00:06.937000
617.40102565139,253.0,0.0,True,8,10061.0,0 days 00:00:07.135000
626.5444823430821,231.80594429642008,0.0,True,8,9838.462415112412,0 days 00:00:07.277000
630.1992045653043,223.0,0.0,True,8,9746.0,0 days 00:00:07.336000
637.2166166236153,208.78250752,0.0,True,8,9980.437376,0 days 00:00:07.457000
650.8566166236153,176.0,0.0,True,8,10521.0,0 days 00:00:07.736000
651.8687362822819,173.5062272,0.0,True,8,10557.750336,0 days 00:00:07.757000
657.9306807267263,157.0,0.0,True,8,10801.0,0 days 00:00:07.896000
659.68566110243,154.09583786666667,0.0,True,8,10648.2752384,0 days 00:00:07.937000
667.4245499913188,140.0,0.0,True,7,9907.0,0 days 00:00:08.136000
669.7450914953188,136.9499904,0.0,True,7,10227.251008,0 days 00:00:08.197000
673.3750914953188,132.0,0.0,True,5,10747.0,0 days 00:00:08.296000
679.7084248286521,114.0,0.0,True,3,10014.0,0 days 00:00:08.496000
682.2734248286521,114.0,0.0,True,3,9557.3628608,0 days 00:00:08.577000
684.7750914953187,114.0,0.0,True,2,9112.0,0 days 00:00:08.656000
690.9042328016681,99.84121585003395,0.0,True,2,8310.489697249748,0 days 00:00:08.877000
694.3925661350014,91.0,0.0,True,2,7810.0,0 days 00:00:09.015000
697.9119966274459,89.2249984,0.0,True,2,7685.749888,0 days 00:00:09.157000
698.3569966274459,89.0,0.0,True,2,7670.0,0 days 00:00:09.175000
701.6750138150015,84.1187456,0.0,True,2,7166.343296,0 days 00:00:09.317000
705.5316804816682,78.0,0.0,True,2,6535.0,0 days 00:00:09.495000
705.5749983838905,77.972224,0.0,True,2,6530.2614144,0 days 00:00:09.497000
709.7524676184584,75.19444622222223,0.0,True,2,6056.372525511111,0 days 00:00:09.697000
712.9563565073473,73.0,0.0,False,2,5682.0,0 days 00:00:09.855000
714.9684953257178,71.01666417777778,0.0,False,2,5774.083448888889,0 days 00:00:09.957000
719.6984953257178,66.0,0.0,False,2,6007.0,0 days 00:00:10.215000
720.4623703443845,65.4750016,6.2999808,False,2,6037.9749056,0 days 00:00:10.257000
722.5601481221622,64.0,24.0,False,2,6125.0,0 days 00:00:10.375000
724.4250886631146,65.82143085714286,26.18571702857143,False,2,6206.964388571429,0 days 00:00:10.477000
727.8367553297812,69.0,30.0,False,2,6350.0,0 days 00:00:10.655000
728.2613029655907,69.47143131428571,30.157143771428572,False,2,6390.071661714286,0 days 00:00:10.677000
733.6363029655907,75.0,32.0,False,2,6860.0,0 days 00:00:10.935000
735.3913306704796,77.0499968,35.221423542857146,False,2,7062.071113142857,0 days 00:00:11.017000
739.9013306704796,82.0,43.0,False,2,7550.0,0 days 00:00:11.215000
742.3358501698574,85.09000192,44.54500096,False,2,7833.76517632,0 days 00:00:11.318000
744.7069612809685,88.0,46.0,False,2,8101.0,0 days 00:00:11.415000
750.0958501698574,97.0,69.0,False,2,8872.0,0 days 00:00:11.615000
753.4800585396351,99.05000106666667,73.6125024,False,2,9230.750186666666,0 days 00:00:11.738000
756.7625585396352,101.0,78.0,False,2,9572.0,0 days 00:00:11.855000
757.992059962924,102.93500288,80.58000384,False,2,9840.7504,0 days 00:00:11.898000
760.9763655984796,107.43500288,86.58000384,False,2,10465.7504,0 days 00:00:11.998000
762.7180322651462,110.0,90.0,False,2,10822.0,0 days 00:00:12.055000
768.3624767095907,127.0,96.0,False,2,11784.0,0 days 00:00:12.215000
770.6171329922574,128.83750186666666,96.26250026666666,False,2,11716.537431466666,0 days 00:00:12.278000
777.2054663255908,134.0,97.0,False,2,11527.0,0 days 00:00:12.455000
779.6469351735908,139.5125056,95.8187488,False,2,11217.905936,0 days 00:00:12.518000
783.6347129513686,148.0,94.0,False,2,10742.0,0 days 00:00:12.615000
789.7164689945431,153.10714514285715,94.0,False,2,10742.0,0 days 00:00:12.758000
795.729246772321,158.0,94.0,False,3,10742.0,0 days 00:00:12.895000
804.6386912167654,158.0,92.87222186666666,False,3,10696.3249856,0 days 00:00:13.098000
811.529246772321,158.0,92.0,False,4,10661.0,0 days 00:00:13.255000
812.5007874035294,158.97937601593927,92.19109775920766,False,4,10690.381280478177,0 days 00:00:13.277000
854.4696611183408,193.70249406836007,98.96634030602148,False,4,11732.074822050801,0 days 00:00:14.057000
861.0477166738964,199.0,100.0,False,5,11891.0,0 days 00:00:14.176000
871.2350002002963,202.62000384,100.0,False,5,10827.623872,0 days 00:00:14.357000
872.3063890891852,203.0,100.0,False,5,10716.0,0 days 00:00:14.376000
883.9175002002964,209.0,100.0,False,5,10976.0,0 days 00:00:14.576000
892.1861711464297,211.11500288,100.0,False,5,11178.33527552,0 days 00:00:14.717000
895.6606155908742,212.0,100.0,False,5,11263.0,0 days 00:00:14.776000
909.082068722252,218.63000576,100.0,False,5,11450.29766272,0 days 00:00:14.997000
917.7476797586964,222.82999808,100.0,False,5,11568.94744576,0 days 00:00:15.137000
920.1743464253631,224.0,100.0,False,5,11602.0,0 days 00:00:15.176000
931.6071990369186,227.3937536,100.0,False,5,11670.4406976,0 days 00:00:15.357000
940.4877545924742,230.0,100.0,False,5,11723.0,0 days 00:00:15.496000
958.8682070650644,235.47910641041,100.0,False,5,10885.479448694472,0 days 00:00:15.777000
964.0032070650645,237.0,100.0,False,6,10653.0,0 days 00:00:15.855000
972.0865542330646,238.5249984,100.0,False,6,10798.3831808,0 days 00:00:15.977000
979.9532208997311,240.0,100.0,False,6,10939.0,0 days 00:00:16.095000
990.9126895237313,243.5437472,100.0,False,6,11086.3186336,0 days 00:00:16.257000
1001.7532450792867,247.0,100.0,False,6,11230.0,0 days 00:00:16.415000
1003.2654395397312,247.45000261818183,100.0,False,6,11243.650079418181,0 days 00:00:16.437000
1032.9898839841755,256.0,100.0,False,6,11503.0,0 days 00:00:16.855000
1033.1321284271976,256.03999744,100.0,False,6,11503.0,0 days 00:00:16.857000
1044.6539060911975,259.23999744,100.0,False,6,11503.0,0 days 00:00:17.017000
1047.398350535642,260.0,100.0,False,6,11503.0,0 days 00:00:17.055000
1062.0094616467532,263.0,100.0,False,6,11764.0,0 days 00:00:17.255000
1062.1555949786643,263.03999744,100.0,False,6,11764.0,0 days 00:00:17.257000
1076.840594978664,267.0,100.0,False,6,11764.0,0 days 00:00:17.455000
1091.7850394231086,269.0,100.0,False,6,11064.0,0 days 00:00:17.655000
1093.4317292542196,269.458336,100.0,False,6,11049.0582464,0 days 00:00:17.677000
1108.7102883564419,273.64583466666664,100.0,False,6,10912.545789866666,0 days 00:00:17.878000
1110.0041772453308,274.0,100.0,False,7,10901.0,0 days 00:00:17.895000
1125.597819651553,276.5375008,100.0,False,7,11010.1125344,0 days 00:00:18.098000
1140.8653196515531,279.0,100.0,False,7,11116.0,0 days 00:00:18.295000
1155.187357200353,281.74500096,100.0,False,7,11223.05503744,0 days 00:00:18.478000
1156.5190238670198,282.0,100.0,False,7,11233.0,0 days 00:00:18.495000
1169.141246089242,284.0,100.0,False,7,11233.0,0 days 00:00:18.655000
1185.2987773843531,286.5375008,100.0,False,7,11299.8208544,0 days 00:00:18.858000
1188.2484996065753,287.0,100.0,False,7,11312.0,0 days 00:00:18.895000
1198.0805985785753,287.7687504,100.0,False,7,11381.9562864,0 days 00:00:19.018000
1201.040598578575,288.0,100.0,False,7,11403.0,0 days 00:00:19.055000
1219.0286015972417,290.3892864,100.0,False,7,11438.839296,0 days 00:00:19.278000
1223.6361015972418,291.0,100.0,False,7,11448.0,0 days 00:00:19.335000
1243.169434930575,293.0,100.0,False,7,11552.0,0 days 00:00:19.575000
1256.2805460416862,295.0,100.0,False,7,11640.0,0 days 00:00:19.735000
1256.5263972325433,295.02142902857145,100.0,False,7,11641.060736914285,0 days 00:00:19.738000
1271.2590917224484,296.3000009142857,100.0,False,7,11704.350045257142,0 days 00:00:19.917000
1279.3440917224482,297.0,100.0,False,7,11739.0,0 days 00:00:20.015000
1289.4263185562259,297.5083328,100.0,False,7,11730.8666752,0 days 00:00:20.137000
1299.1940963340035,298.0,100.0,False,7,11723.0,0 days 00:00:20.255000
1312.6107630006702,300.0,100.0,False,7,11862.0,0 days 00:00:20.416000
1324.3804862418128,300.5035721142857,100.0,False,7,11853.942846171429,0 days 00:00:20.557000
1336.0024306862574,301.0,100.0,False,7,11846.0,0 days 00:00:20.696000
1361.2392833543067,301.83611164444443,100.0,False,7,11888.641693866666,0 days 00:00:20.997000
1366.1887277987512,302.0,100.0,False,7,11897.0,0 days 00:00:21.056000
1366.2726147036399,301.9928576,100.0,False,7,11896.9714304,0 days 00:00:21.057000
1387.9490828585606,300.1357129142857,100.0,False,7,11889.542851657143,0 days 00:00:21.317000
1389.5324161918938,300.0,100.0,True,7,11889.0,0 days 00:00:21.336000
1407.4982136292274,268.3687584,24.687519999999992,True,7,10940.062752,0 days 00:00:21.577000
1413.1598802958938,258.0,0.0,True,7,10629.0,0 days 00:00:21.656000
1422.528545959894,239.1999744,0.0,True,7,10542.0498816,0 days 00:00:21.797000
1435.3035459598939,210.0,0.0,True,7,10407.0,0 days 00:00:22.016000
1446.0257681821163,193.0,0.0,True,5,10827.0,0 days 00:00:22.216000
1446.0793674588433,192.95739621736,0.0,True,5,10824.280876225625,0 days 00:00:22.217000
1462.0192175202876,179.32331319124802,0.0,True,5,9954.105577206123,0 days 00:00:22.537000
1465.832550853621,176.0,0.0,True,4,9742.0,0 days 00:00:22.615000
1474.0658034726828,162.8555463111111,0.0,True,4,9162.127369955555,0 days 00:00:22.797000
1481.4824701393495,150.0,0.0,True,4,8595.0,0 days 00:00:22.975000
1483.2156264406829,148.5562544,0.0,True,4,8531.343944,0 days 00:00:23.017000
1491.086807240683,141.6812544,0.0,True,4,8228.218944,0 days 00:00:23.217000
1494.0984739073497,139.0,0.0,True,4,8110.0,0 days 00:00:23.295000
1500.2319740033497,136.30000213333332,0.6749994666666667,True,4,8119.449992533333,0 days 00:00:23.457000
1503.1569740033497,135.0,1.0,True,4,8124.0,0 days 00:00:23.535000
1510.3791962255718,130.0,8.0,False,4,7864.0,0 days 00:00:23.735000
1514.0304184074978,128.86666524444445,8.28333368888889,False,4,7849.549981866667,0 days 00:00:23.837000
1523.0604184074978,126.0,9.0,False,4,7813.0,0 days 00:00:24.095000
1523.1304276661645,126.0166656,9.2166528,False,4,7814.0610432,0 days 00:00:24.097000
1527.3643165194976,127.0166656,22.2166528,False,4,7877.727709866666,0 days 00:00:24.217000
1535.892649852831,129.0,48.0,False,4,8004.0,0 days 00:00:24.455000
1543.2259831861645,132.0,54.0,False,4,8138.0,0 days 00:00:24.655000
1545.5704363461646,133.968752,57.1500032,False,4,8363.6189792,0 days 00:00:24.718000
1549.2618252350535,137.0,62.0,False,4,8711.0,0 days 00:00:24.815000
1554.8457766874978,140.5750016,70.937504,False,4,8756.8791872,0 days 00:00:24.958000
1558.6988322430534,143.0,77.0,False,4,8788.0,0 days 00:00:25.055000
1558.8181082870535,143.1312528,77.187504,False,4,8798.7439792,0 days 00:00:25.058000
1565.3597749537203,150.0,87.0,False,4,9361.0,0 days 00:00:25.215000
1569.7777393179108,154.41428845714285,87.0,False,4,9412.500032,0 days 00:00:25.318000
1577.7427393179107,162.0,87.0,False,4,9501.0,0 days 00:00:25.495000
1582.5103519003105,166.63500288,93.69500416,False,4,10117.45538304,0 days 00:00:25.598000
1587.1178519003106,171.0,100.0,False,4,10698.0,0 days 00:00:25.695000
1599.0511852336438,179.0,100.0,False,4,10776.0,0 days 00:00:25.935000
1602.2326852834217,181.80000284444444,100.0,False,4,10922.4751488,0 days 00:00:25.998000
1613.9402163214463,191.57778062222224,100.0,False,4,11433.9751488,0 days 00:00:26.218000
1618.1110496547797,195.0,100.0,False,4,11613.0,0 days 00:00:26.295000
1623.6962580636684,197.12500266666666,100.0,False,4,11820.8252608,0 days 00:00:26.397000
1631.3629247303352,200.0,100.0,False,4,12102.0,0 days 00:00:26.535000
1632.588508083224,200.5500032,100.0,False,4,11977.8826112,0 days 00:00:26.557000
1641.6796193365574,204.5500032,100.0,False,4,11075.215944533333,0 days 00:00:26.717000
1644.9985082254464,206.0,100.0,False,5,10748.0,0 days 00:00:26.775000
1660.6014426288984,214.3914650856006,100.0,False,5,11012.797342701175,0 days 00:00:27.037000
1661.7361648511207,215.0,100.0,False,5,11032.0,0 days 00:00:27.056000
1675.2254964528986,219.7357184,100.0,False,5,11379.286016,0 days 00:00:27.277000
1678.847440897343,221.0,100.0,False,5,11472.0,0 days 00:00:27.336000
1691.5141075640097,228.0,100.0,False,5,11640.0,0 days 00:00:27.536000
1696.6831611045811,229.73571291428573,100.0,False,5,11485.232265142857,0 days 00:00:27.617000
1709.618161104581,234.0,100.0,False,5,11105.0,0 days 00:00:27.816000
1716.230388046211,235.68333653333335,100.0,False,5,10964.020565333334,0 days 00:00:27.917000
1725.4198324906554,238.0,100.0,False,6,10770.0,0 days 00:00:28.056000
1741.6198324906552,243.0,100.0,False,6,10989.0,0 days 00:00:28.296000
1741.6873380458553,243.01999872,100.0,False,6,10989.64495872,0 days 00:00:28.297000
1755.3409491569662,247.0,100.0,False,6,11118.0,0 days 00:00:28.496000
1763.7038977358109,248.81499904,100.0,False,6,11173.9624704,0 days 00:00:28.617000
1783.311397735811,253.0,100.0,False,6,11303.0,0 days 00:00:28.896000
1784.7868470531712,252.93416869032353,97.49841023229388,False,6,11285.488871626058,0 days 00:00:28.917000
1805.646847053171,252.0,62.0,True,6,11037.0,0 days 00:00:29.215000
1813.9801250478376,245.9000064,30.4833664,True,6,10770.12528,0 days 00:00:29.337000
1821.8467917145042,240.0,0.0,True,6,10512.0,0 days 00:00:29.455000
1829.8121634185045,235.0437552,1.906248,True,6,10674.7935792,0 days 00:00:29.577000
1842.2971634185044,227.0,5.0,False,6,10939.0,0 days 00:00:29.775000
1847.4303634768155,225.36000256,7.459996159999999,False,6,10977.9499392,0 days 00:00:29.857000
1854.73980792126,223.0,11.0,False,5,11034.0,0 days 00:00:29.975000
1859.7647755988896,220.60833706666668,14.758327466666668,False,5,10981.041749333333,0 days 00:00:30.057000
1869.2447755988896,216.0,22.0,False,5,10879.0,0 days 00:00:30.215000
1879.888742071423,210.53999616,61.13002752,False,5,11008.22009088,0 days 00:00:30.397000
1880.938742071423,210.0,65.0,False,5,11021.0,0 days 00:00:30.415000
1892.660964293645,211.0,96.0,False,5,11058.0,0 days 00:00:30.615000
1892.7782050332007,211.0333312,96.0333312,False,5,11060.8414848,0 days 00:00:30.617000
1906.9920939220897,215.0,100.0,False,5,11399.0,0 days 00:00:30.855000
1910.7156340884108,216.20555804444444,100.0,False,5,11376.955510044445,0 days 00:00:30.917000
1926.7584744564108,221.2805568,100.0,False,5,11284.1555328,0 days 00:00:31.178000
1929.0401411230773,222.0,100.0,False,5,11271.0,0 days 00:00:31.215000
1939.2763148066329,226.0750016,88.88635927272728,False,5,11003.902167854545,0 days 00:00:31.378000
1950.8050648866329,230.5750016,76.613632,False,5,10708.9476224,0 days 00:00:31.558000
1957.0831204421886,233.0,70.0,False,6,10550.0,0 days 00:00:31.655000
1965.0289448391409,232.56071405714286,73.51428754285715,False,6,10603.59288502857,0 days 00:00:31.778000
1975.1467226169186,232.0,78.0,False,6,10672.0,0 days 00:00:31.935000
1975.340079388252,232.0281256,78.2062544,False,6,10673.0218968,0 days 00:00:31.938000
1996.0331349438077,235.0,100.0,False,6,10781.0,0 days 00:00:32.255000
1997.536360643363,235.2875008,100.0,False,6,10788.5708544,0 days 00:00:32.278000
2011.882471754474,238.0,100.0,False,6,10860.0,0 days 00:00:32.495000
2012.0808441511406,238.046876,100.0,False,6,10862.1281704,0 days 00:00:32.498000
2026.8382226844742,241.484376,100.0,False,6,11018.1906704,0 days 00:00:32.718000
2033.3857226844739,243.0,100.0,False,6,11087.0,0 days 00:00:32.815000
2044.2301671289185,244.0,100.0,False,6,11202.0,0 days 00:00:32.975000
2051.206719291585,246.2312528,100.0,False,6,11235.1500416,0 days 00:00:33.077000
2059.5019277182523,248.8562528,100.0,False,6,11274.1500416,0 days 00:00:33.197000
2066.33470549603,251.0,100.0,False,6,11306.0,0 days 00:00:33.295000
2073.487511013727,252.45195944813312,100.0,False,6,11358.270540132791,0 days 00:00:33.397000
2086.1666776803936,255.0,100.0,False,6,11450.0,0 days 00:00:33.576000
2093.344457817875,255.84166826666666,100.0,False,6,11484.0875648,0 days 00:00:33.677000
2103.267513373431,257.0,100.0,False,6,11531.0,0 days 00:00:33.816000
2110.2045495603516,247.26069577142857,63.92850285714285,False,6,11215.3744,0 days 00:00:33.917000
2121.6406606714622,230.0,0.0,True,6,10656.0,0 days 00:00:34.096000
2131.1347415418622,212.29000704,0.0,True,6,10767.49245568,0 days 00:00:34.257000
2143.4830748751956,186.0,0.0,True,6,10933.0,0 days 00:00:34.496000
2150.4574338271955,178.0687392,0.0,True,6,11062.5439264,0 days 00:00:34.637000
2151.391600493862,177.0,0.0,True,6,11080.0,0 days 00:00:34.656000
2157.854687354662,165.01498368,0.0,True,6,11512.16558848,0 days 00:00:34.797000
2160.4769095768843,160.0,0.0,True,5,11693.0,0 days 00:00:34.856000
2166.2603568355507,147.6624832,0.0,True,5,10788.248768,0 days 00:00:34.997000
2170.0828568355505,139.0,0.0,True,3,10153.0,0 days 00:00:35.096000
2177.138412391106,127.0,0.0,True,3,9767.0,0 days 00:00:35.296000
2178.5672908906618,125.4625024,0.0,True,3,9946.1184704,0 days 00:00:35.337000
2182.567013112884,121.0,0.0,True,2,10466.0,0 days 00:00:35.456000
2189.900346446217,110.0,0.0,True,2,9586.0,0 days 00:00:35.696000
2191.742007074303,108.68816821490049,0.0,True,2,9390.099786758472,0 days 00:00:35.757000
2196.4196652427095,105.24730878914781,0.0,True,2,8876.264779179406,0 days 00:00:35.917000
2198.095220798265,104.0,0.0,True,2,8690.0,0 days 00:00:35.975000
2206.7174430204873,97.0,0.0,True,2,7976.0,0 days 00:00:36.295000
2206.771313392043,96.9666688,0.0,True,2,7973.4251648,0 days 00:00:36.297000
2212.9196467253764,93.0,0.0,True,2,7667.0,0 days 00:00:36.535000
2213.485099089567,92.52856868571429,0.0,True,2,7641.071277714285,0 days 00:00:36.557000
2217.9186706552814,88.67143131428571,0.0,True,2,7428.928722285715,0 days 00:00:36.737000
2219.803670655281,87.0,0.0,False,2,7337.0,0 days 00:00:36.815000
2223.670337321948,87.0,0.0,False,2,7210.0,0 days 00:00:36.975000
2226.9619760846144,83.4499968,0.0,False,2,7058.2373632,0 days 00:00:37.117000
2227.3769760846144,83.0,0.0,False,2,7039.0,0 days 00:00:37.135000
2230.990476180614,80.30000213333334,4.0499968,False,2,7105.149947733334,0 days 00:00:37.297000
2232.702142847281,79.0,6.0,False,2,7137.0,0 days 00:00:37.375000
2238.102142847281,81.0,20.0,False,2,7458.0,0 days 00:00:37.615000
2238.622214382214,81.40250112,21.09250304,False,2,7503.88512768,0 days 00:00:37.638000
2242.849839438214,84.55250112,29.64250304,False,2,7862.98512768,0 days 00:00:37.818000
2247.6653949937695,88.0,39.0,False,2,8256.0,0 days 00:00:38.015000
2248.2320255615914,88.69000192,40.03500288,False,2,8334.54521856,0 days 00:00:38.038000
2252.387136758036,93.49000192,47.235002879999996,False,2,8880.94521856,0 days 00:00:38.198000
2252.831025646925,94.0,48.0,False,2,8939.0,0 days 00:00:38.215000
2255.5859577863816,96.28889031111112,50.00277902222222,False,2,9088.3500928,0 days 00:00:38.318000
2260.6004023019373,100.28889031111112,53.50277902222222,False,2,9349.3500928,0 days 00:00:38.498000
2262.782068968604,102.0,55.0,False,2,9461.0,0 days 00:00:38.575000
2267.046746147271,107.3625024,59.1708352,False,2,10076.4961088,0 days 00:00:38.718000
2270.037579480604,111.0,62.0,False,2,10494.0,0 days 00:00:38.815000
2279.1874836690486,125.2458368,82.8208384,False,2,10644.1292032,0 days 00:00:39.078000
2287.445539224604,137.0,100.0,False,2,10768.0,0 days 00:00:39.295000
2291.4389351037153,139.5750016,100.0,False,2,11019.881974690908,0 days 00:00:39.398000
2301.101838093937,145.5500032,100.0,False,2,11604.345767563636,0 days 00:00:39.637000
2305.130726982826,148.0,100.0,False,3,11844.0,0 days 00:00:39.735000
2313.257027435804,160.74000896,100.0,False,3,11844.0,0 days 00:00:39.917000
2314.067027435804,162.0,100.0,False,3,11844.0,0 days 00:00:39.935000
2321.864788390315,173.28357676691002,100.0,False,3,11042.86604954939,0 days 00:00:40.097000
2323.7714550569817,176.0,100.0,False,4,10850.0,0 days 00:00:40.136000
2329.8467833454893,180.75356891428572,100.0,False,4,11077.739165257142,0 days 00:00:40.257000
2338.105950012156,187.0,100.0,False,4,11377.0,0 days 00:00:40.416000
2344.5335707702006,191.23499776,100.0,False,4,11586.93488896,0 days 00:00:40.537000
2348.790792992423,194.0,100.0,False,4,11724.0,0 days 00:00:40.616000
2356.550199461756,198.1125056,100.0,False,4,11583.5873088,0 days 00:00:40.757000
2362.0776994617563,201.0,100.0,False,4,11485.0,0 days 00:00:40.856000
2376.052113014518,208.7464265142857,100.0,False,4,11029.682263771429,0 days 00:00:41.097000
2378.327113014518,210.0,100.0,False,5,10956.0,0 days 00:00:41.136000
2386.709898943661,214.0285769142857,100.0,False,5,11089.446610285715,0 days 00:00:41.277000
2395.1271211658827,218.0,100.0,False,5,11221.0,0 days 00:00:41.416000
2396.401339939216,218.437504,100.0,False,5,11245.4127232,0 days 00:00:41.437000
2409.9671732725496,223.0,100.0,False,5,11500.0,0 days 00:00:41.656000
2421.383874184194,227.07250432,100.0,False,5,11415.38241024,0 days 00:00:41.837000
2435.497207517527,232.0,100.0,False,5,11313.0,0 days 00:00:42.056000
2439.448990915927,233.22000384,100.0,False,5,11247.72979456,0 days 00:00:42.117000
2458.0238801034825,238.82000384,100.0,False,5,10948.12979456,0 days 00:00:42.397000
2461.9572134368163,240.0,100.0,False,6,10885.0,0 days 00:00:42.456000
2475.3344356590383,242.0,100.0,False,6,10985.0,0 days 00:00:42.655000
2485.0200191185936,245.5500032,100.0,False,6,11118.48012032,0 days 00:00:42.797000
2488.9994635630383,247.0,100.0,False,6,11173.0,0 days 00:00:42.855000
2511.615897698311,252.85454312727273,100.0,False,6,11378.640827345454,0 days 00:00:43.177000
2519.9742310316446,255.0,100.0,False,6,11454.0,0 days 00:00:43.295000
2527.2313421830518,256.13333475555555,100.0,False,6,11475.533360355555,0 days 00:00:43.397000
2545.7930088497187,259.0,100.0,False,6,11530.0,0 days 00:00:43.655000
2547.3664788810347,257.4769142153846,97.88460307692307,False,6,11522.8499584,0 days 00:00:43.677000
2594.6902021803166,197.86922633846154,15.096147692307696,False,6,11243.0249792,0 days 00:00:44.538000
2602.8454799580945,187.0,0.0,True,5,11192.0,0 days 00:00:44.695000
2611.731146407872,174.79999573333333,0.0,True,5,11683.812672,0 days 00:00:44.878000
2614.438646407872,171.0,0.0,True,4,11837.0,0 days 00:00:44.935000
2629.01642418565,164.0,0.0,True,3,10319.0,0 days 00:00:45.255000
2629.15268459365,163.5124896,0.0,True,3,10337.375392,0 days 00:00:45.258000
2633.95310091365,144.0124896,0.0,True,3,11072.375392,0 days 00:00:45.378000
2635.3714342469834,138.0,0.0,True,3,11299.0,0 days 00:00:45.415000
2642.3714342469834,126.0,0.0,True,3,10960.0,0 days 00:00:45.615000
2642.4763170569836,125.859372,0.0,True,3,10945.6371936,0 days 00:00:45.618000
2647.736733590317,118.359372,0.0,True,3,10179.6371936,0 days 00:00:45.778000
2652.5775669236505,111.0,0.0,True,2,9428.0,0 days 00:00:45.935000
2656.2349864962216,107.04642651428571,0.0,True,2,8946.54260662857,0 days 00:00:46.058000
2660.683319829555,102.0,0.0,True,2,8332.0,0 days 00:00:46.215000
2667.01709391565,94.22143268571429,0.0,True,2,7938.750208,0 days 00:00:46.457000
2667.9987605823167,93.0,0.0,True,2,7877.0,0 days 00:00:46.495000
2671.056675759036,90.23356259171884,0.0,True,2,7592.333590687868,0 days 00:00:46.617000
2678.4113979812582,83.0,0.0,True,2,6848.0,0 days 00:00:46.936000
2678.4344500648135,82.9875008,0.0,True,2,6846.9875648,0 days 00:00:46.937000
2685.434727842591,79.0,0.0,False,2,6524.0,0 days 00:00:47.256000
2687.1666653785915,76.9750016,7.2899942399999995,False,2,6658.86489344,0 days 00:00:47.337000
2689.6127764897024,74.0,18.0,False,2,6857.0,0 days 00:00:47.456000
2692.184726676369,76.520832,24.0499968,False,2,7145.8873472,0 days 00:00:47.577000
2694.796115565258,79.0,30.0,False,2,7430.0,0 days 00:00:47.696000
2701.2516711208136,83.0,39.0,False,2,7869.0,0 days 00:00:47.976000
2701.274732231569,83.01999872,39.00499968,False,2,7869.51996672,0 days 00:00:47.977000
2706.083898898236,87.0,40.0,False,2,7973.0,0 days 00:00:48.176000
2708.6406529064784,91.13182603636363,48.263652072727275,False,2,8466.753211345454,0 days 00:00:48.277000
2718.528152906478,105.0,76.0,False,2,10124.0,0 days 00:00:48.616000
2719.1444810664784,105.656256,77.4437632,False,2,10199.2069376,0 days 00:00:48.637000
2723.3917032887007,110.0,87.0,False,2,10697.0,0 days 00:00:48.776000
2724.6643261743893,111.74249728,88.33249792,False,2,10701.81749248,0 days 00:00:48.817000
2736.5825075006114,126.19250816,99.38250624,False,2,10741.76752256,0 days 00:00:49.157000
2737.252785278389,127.0,100.0,False,3,10744.0,0 days 00:00:49.176000
2743.656951945056,145.0,100.0,False,3,11058.0,0 days 00:00:49.335000
2746.2075631663893,148.1000064,100.0,False,3,11047.9249792,0 days 00:00:49.397000
2755.930340553056,159.0999936,100.0,False,3,11012.1750208,0 days 00:00:49.617000
2757.6297849975003,161.0,100.0,False,3,11006.0,0 days 00:00:49.655000
2768.2426187255005,172.1000064,100.0,False,3,10882.3142144,0 days 00:00:49.877000
2771.062063169945,175.0,100.0,False,4,10850.0,0 days 00:00:49.935000
2783.3287298366113,184.0,100.0,False,4,11164.0,0 days 00:00:50.175000
2789.713584618241,188.40555093333333,100.0,False,4,11295.488750933333,0 days 00:00:50.297000
2799.4588626271297,194.90556017777777,100.0,False,4,11489.489026844445,0 days 00:00:50.477000
2802.6327515160187,197.0,100.0,False,4,11552.0,0 days 00:00:50.535000
2818.9660848493522,210.0,100.0,False,5,10974.0,0 days 00:00:50.815000
2822.6717098804634,211.75000177777778,100.0,False,5,11041.900068977779,0 days 00:00:50.878000
2837.232821110093,218.41666844444444,100.0,False,5,11300.566735644445,0 days 00:00:51.118000
2840.716154443426,220.0,100.0,False,5,11362.0,0 days 00:00:51.175000
2858.293932221204,226.0,100.0,False,5,11788.0,0 days 00:00:51.455000
2863.570268209426,228.8531272,100.0,False,5,11501.1310288,0 days 00:00:51.538000
2873.9859627516485,234.3531272,100.0,False,5,10948.1310288,0 days 00:00:51.698000
2879.055129418315,237.0,100.0,False,5,10682.0,0 days 00:00:51.775000
2892.49957386276,242.0,100.0,False,6,10904.0,0 days 00:00:51.975000
2902.2401579477378,245.21750144,100.0,False,6,11029.125056,0 days 00:00:52.118000
2920.1587690588485,251.0,100.0,False,6,11254.0,0 days 00:00:52.375000
2921.765645611145,251.51111253333335,100.0,False,6,11275.722282666668,0 days 00:00:52.398000
2938.888608668922,256.84444586666666,100.0,False,6,11502.388949333334,0 days 00:00:52.638000
2945.8672197800333,259.0,100.0,False,6,11594.0,0 days 00:00:52.735000
2953.2507094200337,260.593752,100.0,False,6,11262.8183344,0 days 00:00:52.837000
2969.2373760867,264.0,100.0,False,7,10555.0,0 days 00:00:53.055000
2981.1173760867,264.0,100.0,False,7,10669.44770720723,0 days 00:00:53.217000
2983.9773760867,264.0,100.0,False,7,10697.0,0 days 00:00:53.256000
3014.532931642256,275.0,100.0,False,7,10946.0,0 days 00:00:53.656000
3014.6093233087445,275.00999936,100.0,False,7,10946.29498112,0 days 00:00:53.657000
3029.921267753189,277.0,100.0,False,7,11005.0,0 days 00:00:53.856000
3042.3212677531887,279.0,100.0,False,7,11143.0,0 days 00:00:54.016000
3045.507106033824,279.7321417142857,100.0,False,7,11150.467845485715,0 days 00:00:54.057000
3064.3615504782683,284.0,100.0,False,7,11194.0,0 days 00:00:54.296000
3070.7788879566688,285.21499904,100.0,False,7,11245.02995968,0 days 00:00:54.377000
3080.265832401113,287.0,100.0,False,7,11320.0,0 days 00:00:54.496000
3096.39520997178,288.8843744,100.0,False,7,11410.4499712,0 days 00:00:54.697000
3105.981321082891,290.0,100.0,False,7,11464.0,0 days 00:00:54.816000
3115.762434490891,291.0083328,100.0,False,7,11509.8791424,0 days 00:00:54.937000
3125.414656713113,292.0,100.0,False,7,11555.0,0 days 00:00:55.056000
3130.375354670446,292.7625024,100.0,False,7,11563.0062752,0 days 00:00:55.117000
3138.4603546704466,294.0,100.0,False,7,11576.0,0 days 00:00:55.216000
3148.35473053178,294.3781248,100.0,False,7,11171.7845888,0 days 00:00:55.337000
3161.4604249673353,294.8781248,100.0,False,7,10637.2845888,0 days 00:00:55.497000
3164.656258300669,295.0,100.0,False,7,10507.0,0 days 00:00:55.536000
3184.456258300669,297.0,100.0,False,8,10628.0,0 days 00:00:55.776000
3186.1902895646685,297.2625024,100.0,False,8,10635.4813184,0 days 00:00:55.797000
3197.735011786891,299.0,100.0,False,8,10685.0,0 days 00:00:55.936000
3199.4804956696,299.22580846433067,100.0,False,8,10688.01077952441,0 days 00:00:55.957000
3221.1238290029332,302.0,100.0,False,8,10725.0,0 days 00:00:56.215000
3236.4299447706367,302.75833386666665,100.0,False,8,10725.0,0 days 00:00:56.397000
3241.3116114373033,303.0,100.0,False,8,10725.0,0 days 00:00:56.455000
3241.479951714637,303.0124992,100.0,False,8,10725.7312032,0 days 00:00:56.457000
3261.780784994637,304.5124992,100.0,False,8,10813.4812032,0 days 00:00:56.697000
3268.38911832797,305.0,100.0,False,8,10842.0,0 days 00:00:56.775000
3280.4596818560976,306.0142866285714,100.0,False,8,10881.0500352,0 days 00:00:56.917000
3292.2280151894306,307.0,100.0,True,8,10919.0,0 days 00:00:57.055000
3303.9523828978754,297.2374912,100.0,True,8,10919.0,0 days 00:00:57.197000
3305.4323828978754,296.0,100.0,True,8,10919.0,0 days 00:00:57.215000
3323.232382897875,267.0,0.0,True,8,10359.0,0 days 00:00:57.455000
3336.246732702675,256.01999616,0.0,True,8,10330.63499008,0 days 00:00:57.638000
3337.450899369342,255.0,0.0,True,8,10328.0,0 days 00:00:57.655000
3360.767654220736,208.28862894545455,0.0,True,8,10257.4749888,0 days 00:00:58.058000
3362.8643208874028,204.0,0.0,True,7,10251.0,0 days 00:00:58.095000
3380.121143982514,192.3361088,0.0,True,7,10917.6362432,0 days 00:00:58.418000
3382.0841995380692,191.0,0.0,True,4,10994.0,0 days 00:00:58.455000
3393.570248050069,185.4249984,1.2388892444444446,True,4,10660.738793244444,0 days 00:00:58.678000
3400.49635916118,182.0,2.0,False,4,10456.0,0 days 00:00:58.815000
3404.6359317185943,179.54772538181817,9.545460363636364,False,4,10403.747686981818,0 days 00:00:58.898000
3421.395098385261,169.0,42.0,False,4,10179.0,0 days 00:00:59.255000
3422.4278761630385,169.0,44.4750144,False,4,10192.5667456,0 days 00:00:59.277000
3432.6617650519274,169.0,69.0,False,4,10327.0,0 days 00:00:59.495000
3439.425651273706,171.47880562255253,74.66584142297718,False,4,10566.735915209721,0 days 00:00:59.637000
3449.146211162607,174.97007800021194,82.64589257191302,False,4,10904.39182944907,0 days 00:00:59.837000
3452.0306556070514,176.0,85.0,False,4,11004.0,0 days 00:00:59.896000
3460.117774965629,180.82999808,89.82999808,False,4,11206.85991936,0 days 00:01:00.057000
3462.0894416322953,182.0,91.0,False,4,11256.0,0 days 00:01:00.096000
3472.4783305211845,187.0,100.0,False,4,11572.0,0 days 00:01:00.296000
3474.619726336296,188.0249984,100.0,False,4,11630.4249088,0 days 00:01:00.337000
3485.2883374474072,193.0,100.0,False,4,11914.0,0 days 00:01:00.536000
3494.122234068296,197.5281232,100.0,False,4,11297.1689952,0 days 00:01:00.697000
3503.043900734963,202.0,100.0,False,4,10688.0,0 days 00:01:00.856000
3514.488345179407,206.0,100.0,False,5,10918.0,0 days 00:01:01.056000
3518.013354547111,208.03333973333332,100.0,False,5,10966.291818666667,0 days 00:01:01.117000
3528.6539101026665,214.0,100.0,False,5,11108.0,0 days 00:01:01.296000
3537.156381621333,217.0843792,100.0,False,5,11274.1158512,0 days 00:01:01.437000
3548.1449927324443,221.0,100.0,False,5,11485.0,0 days 00:01:01.616000
3553.1516645804445,222.5187488,100.0,False,5,11537.3968336,0 days 00:01:01.697000
3568.221942358222,227.0,100.0,False,5,11692.0,0 days 00:01:01.936000
3581.110831247111,232.0,100.0,False,5,11444.0,0 days 00:01:02.136000
3581.175280899555,232.0187488,100.0,False,5,11438.9878208,0 days 00:01:02.137000
3591.554447566222,235.0,100.0,False,6,10642.0,0 days 00:01:02.296000
3607.543647662881,238.84282302063627,100.0,False,6,10815.476010645867,0 days 00:01:02.537000
3614.222463215653,240.43735989979263,100.0,False,6,10887.45796119064,0 days 00:01:02.637000
3620.810240993431,242.0,100.0,False,6,10958.0,0 days 00:01:02.735000
3629.080259439653,244.0333312,100.0,False,6,11014.4249408,0 days 00:01:02.857000
3637.1435927729867,246.0,100.0,False,6,11069.0,0 days 00:01:02.975000
3645.55261214152,248.13499776,100.0,False,6,11145.55491968,0 days 00:01:03.097000
3665.0898343637423,253.0,100.0,False,6,11320.0,0 days 00:01:03.375000
3668.045057471183,253.30483778064516,100.0,False,6,11291.887182451614,0 days 00:01:03.417000
3683.622378316488,254.90161383225808,100.0,False,6,11144.628946580646,0 days 00:01:03.637000
3747.5673083136776,261.2959682064516,100.0,False,6,10554.927376516129,0 days 00:01:04.518000
3754.6267527581217,262.0,100.0,False,7,10490.0,0 days 00:01:04.615000
3769.237863869233,263.0,100.0,False,7,10552.0,0 days 00:01:04.815000
3769.4570305359,263.0,100.0,False,7,10552.6375136,0 days 00:01:04.818000
3786.7711972025672,263.0,100.0,False,7,10603.0,0 days 00:01:05.055000
3792.8443763766118,263.41500032,100.0,False,7,10595.94499456,0 days 00:01:05.138000
3801.4243763766112,264.0,100.0,False,7,10586.0,0 days 00:01:05.255000
3811.958378712611,265.1916672,100.0,False,7,10634.8583552,0 days 00:01:05.398000
3819.125600934834,266.0,100.0,False,7,10668.0,0 days 00:01:05.495000
3825.250405326834,265.6541664,100.0,False,7,10656.9333248,0 days 00:01:05.578000
3836.807349771278,265.0,100.0,False,7,10636.0,0 days 00:01:05.735000
3848.7551310032786,265.5062496,100.0,False,7,10662.8312288,0 days 00:01:05.897000
3860.429575447723,266.0,100.0,False,7,10689.0,0 days 00:01:06.055000
3862.0559686684087,266.1370724759272,100.0,False,7,10692.22120318429,0 days 00:01:06.077000
3873.928588997737,267.13395740988557,100.0,False,7,10715.647999132312,0 days 00:01:06.237000
3884.2763667755153,268.0,100.0,False,7,10736.0,0 days 00:01:06.376000
3885.8404657408487,268.1312512,100.0,False,7,10740.0687872,0 days 00:01:06.397000
3905.3228615452927,269.7562496,100.0,False,7,10790.4437376,0 days 00:01:06.657000
3908.247861545293,270.0,100.0,False,7,10798.0,0 days 00:01:06.696000
3923.247861545293,270.0,100.0,False,7,10810.0,0 days 00:01:06.896000
3923.3228657116933,270.01499904,100.0,False,7,10810.0,0 days 00:01:06.897000
3938.4136990450265,273.0,100.0,False,7,10810.0,0 days 00:01:07.096000
3941.525784109915,273.2562496,100.0,False,7,10810.0,0 days 00:01:07.137000
3950.5830063321373,274.0,100.0,False,7,10810.0,0 days 00:01:07.256000
3959.576394467248,267.5718784,62.18752,False,7,10573.672,0 days 00:01:07.377000
3973.782783356137,257.0,0.0,True,7,10185.0,0 days 00:01:07.576000
3973.854172245026,257.0,0.0,True,7,10185.76995072,0 days 00:01:07.577000
3982.420838911693,257.0,0.0,True,7,10278.16995072,0 days 00:01:07.697000
3988.0605611339147,257.0,0.0,True,7,10339.0,0 days 00:01:07.776000
3994.6474432821815,234.77995776,0.0,True,7,10291.52990976,0 days 00:01:07.877000
4000.5049432821816,213.0,0.0,True,7,10245.0,0 days 00:01:07.976000
4006.2378952014196,204.3428406857143,0.0,True,7,10073.2996736,0 days 00:01:08.077000
4015.6353952014197,189.0,0.0,True,5,9769.0,0 days 00:01:08.256000
4022.72725415342,181.0687392,0.0,True,5,9848.7532336,0 days 00:01:08.397000
4031.2297541534194,171.0,0.0,True,4,9950.0,0 days 00:01:08.576000
4031.27724423342,170.964288,0.0,True,4,9947.928704,0 days 00:01:08.577000
4037.7314106334197,165.96427885714286,0.0,True,4,9657.928173714286,0 days 00:01:08.717000
4043.9477995223083,161.0,0.0,True,4,9370.0,0 days 00:01:08.856000
4046.653244763642,159.6656208,0.38125119999999996,True,4,9320.437344,0 days 00:01:08.917000
4056.1164913769753,154.8531264,1.7562495999999999,True,4,9141.687552,0 days 00:01:09.137000
4057.784824710309,154.0,2.0,False,4,9110.0,0 days 00:01:09.176000
4066.242525278898,151.4812042135412,8.548869044792935,False,4,8953.330902082262,0 days 00:01:09.377000
4074.437525278898,149.0,15.0,False,4,8799.0,0 days 00:01:09.575000
4076.1758586122314,149.0,19.39089570909091,False,4,8846.345310254546,0 days 00:01:09.617000
4081.1425252788977,149.0,31.936350254545456,False,4,8981.618037527272,0 days 00:01:09.737000
4092.648636390009,149.0,61.0,False,4,9295.0,0 days 00:01:10.015000
4093.5625530762313,149.5500032,61.95000552727273,False,4,9329.1001984,0 days 00:01:10.037000
4103.0378306584535,155.0499968,71.44999447272727,False,4,9670.0998016,0 days 00:01:10.257000
4111.837830658453,160.0,80.0,False,4,9977.0,0 days 00:01:10.455000
4115.601897184675,163.2607168,85.92857599999999,False,4,10203.1751744,0 days 00:01:10.538000
4124.959397184675,171.0,100.0,False,4,10740.0,0 days 00:01:10.735000
4129.962407670008,174.8625024,100.0,False,4,10923.468864,0 days 00:01:10.838000
4140.9932410033425,183.0,100.0,False,4,11310.0,0 days 00:01:11.055000
4144.230194163342,184.968752,100.0,False,4,11512.3877056,0 days 00:01:11.118000
4149.295749718898,188.0,100.0,False,4,11824.0,0 days 00:01:11.215000
4152.627093510899,190.3625024,100.0,False,4,11893.6938208,0 days 00:01:11.278000
4157.8543157331205,194.0,100.0,False,4,12001.0,0 days 00:01:11.375000
4165.773437356232,199.3625024,100.0,False,4,11417.083072,0 days 00:01:11.518000
4170.270381854009,202.3625024,100.0,False,4,11090.416405333333,0 days 00:01:11.598000
4171.228992965121,203.0,100.0,False,4,11021.0,0 days 00:01:11.615000
4182.926339398232,207.4406264,100.0,False,4,11114.2531544,0 days 00:01:11.818000
4189.751339398232,210.0,100.0,False,5,11168.0,0 days 00:01:11.935000
4197.089770038825,214.78333582222223,100.0,False,5,11278.01672391111,0 days 00:01:12.058000
4208.178936829936,221.78333582222223,100.0,False,5,11439.01672391111,0 days 00:01:12.238000
4211.725603496603,224.0,100.0,False,5,11490.0,0 days 00:01:12.295000
4221.9878533526025,228.0499968,100.0,False,5,11593.67991808,0 days 00:01:12.457000
4232.301186543715,232.0499968,100.0,False,5,11696.07991808,0 days 00:01:12.617000
4237.371186543714,234.0,100.0,False,5,11746.0,0 days 00:01:12.695000
4246.660984950502,235.51601594670825,100.0,False,5,11316.46214843266,0 days 00:01:12.837000
4255.811818283835,237.0,100.0,False,6,10896.0,0 days 00:01:12.976000
4263.879325174502,240.0249984,100.0,False,6,10934.11497984,0 days 00:01:13.097000
4269.189880730058,242.0,100.0,False,6,10959.0,0 days 00:01:13.176000
4280.123214063391,246.0,100.0,False,6,11069.0,0 days 00:01:13.336000
4285.694664034591,247.61999872,100.0,False,6,11127.52245376,0 days 00:01:13.417000
4298.255664226591,251.22000384,100.0,False,6,11257.57263872,0 days 00:01:13.597000
4308.0628864488135,254.0,100.0,False,6,11358.0,0 days 00:01:13.736000
4309.54608437948,254.2625024,100.0,False,6,11372.6345088,0 days 00:01:13.757000
4329.594279010591,257.7625024,100.0,False,6,11567.7595088,0 days 00:01:14.037000
4330.955945677257,258.0,100.0,False,6,11581.0,0 days 00:01:14.056000
4341.143783290057,260.11500288,100.0,False,6,11179.1494528,0 days 00:01:14.197000
4345.4212832900575,261.0,100.0,False,6,11011.0,0 days 00:01:14.256000
4357.110172178946,263.0,100.0,False,7,10417.0,0 days 00:01:14.416000
4358.6458701096135,263.2625024,100.0,False,7,10439.312704,0 days 00:01:14.437000
4374.827536776281,266.0,100.0,False,7,10672.0,0 days 00:01:14.656000
4376.381245128281,266.3500032,100.0,False,7,10679.9625728,0 days 00:01:14.677000
4388.3375415668,269.0166698666667,100.0,False,7,10740.629239466667,0 days 00:01:14.837000
4392.7625415668,270.0,100.0,False,7,10763.0,0 days 00:01:14.896000
4404.909544315956,271.60999936,100.0,False,7,10810.49498112,0 days 00:01:15.057000
4407.8562109826225,272.0,100.0,False,7,10822.0,0 days 00:01:15.096000
4430.834373459512,274.8218768,100.0,False,7,10948.0438304,0 days 00:01:15.397000
4432.2857623484,275.0,100.0,False,7,10956.0,0 days 00:01:15.416000
4447.674651237288,277.0,100.0,False,7,11043.0,0 days 00:01:15.616000
4452.376875801437,277.50833493333334,100.0,False,7,11056.7250432,0 days 00:01:15.677000
4466.249375801436,279.0,100.0,False,7,11097.0,0 days 00:01:15.856000
4470.989850036846,279.76569258157184,100.0,False,7,11119.460315726108,0 days 00:01:15.917000
4484.933183370179,282.0,100.0,False,7,11185.0,0 days 00:01:16.095000
4497.653558346179,282.6749994666667,100.0,False,7,11180.9500032,0 days 00:01:16.257000
4503.785225012845,283.0,100.0,False,7,11179.0,0 days 00:01:16.335000
4515.000513254624,284.3312512,100.0,False,7,11239.7938048,0 days 00:01:16.477000
4529.141624365735,286.0,100.0,False,7,11316.0,0 days 00:01:16.655000
4535.661905606624,286.2562496,100.0,False,7,11337.781216,0 days 00:01:16.737000
4548.4066278110695,286.7562496,100.0,False,7,11380.281216,0 days 00:01:16.897000
4554.624961144402,287.0,100.0,False,7,11401.0,0 days 00:01:16.975000
4567.469405588847,289.0,100.0,False,7,11423.0,0 days 00:01:17.135000
4575.759066316211,289.73571474285717,100.0,False,7,11429.989290057143,0 days 00:01:17.238000
4590.066566316212,291.0,100.0,False,7,11442.0,0 days 00:01:17.415000
4591.925732982878,291.0,100.0,False,7,11447.8458496,0 days 00:01:17.438000
4608.092399649545,291.0,100.0,False,7,11498.679182933334,0 days 00:01:17.638000
4609.466566316211,291.0,100.0,False,7,11503.0,0 days 00:01:17.655000
4617.810818063766,291.6437504,100.0,False,7,11503.3218752,0 days 00:01:17.758000
4632.449255583767,292.7687504,100.0,False,7,11503.8843752,0 days 00:01:17.938000
4635.460644472655,293.0,100.0,False,7,11504.0,0 days 00:01:17.975000
4648.482866694878,293.0,100.0,False,7,11577.0,0 days 00:01:18.135000
4650.355105029029,293.046000128,100.0,False,7,11577.851002368,0 days 00:01:18.158000
4730.414827251251,295.0,100.0,False,7,11614.0,0 days 00:01:19.135000
4732.218277255161,295.11000064,100.0,False,7,11621.59004416,0 days 00:01:19.157000
4745.369832839161,295.91000064,100.0,False,7,11676.79004416,0 days 00:01:19.317000
4746.8498328391615,296.0,100.0,False,7,11683.0,0 days 00:01:19.335000
4773.477674258975,264.807262738469,17.913849311760444,False,7,10383.576234605167,0 days 00:01:19.697000
4779.139340925641,258.0,0.0,True,7,10100.0,0 days 00:01:19.776000
4783.366301581285,249.45997312,0.0,True,7,10065.83989248,0 days 00:01:19.837000
4792.246857136841,230.0,0.0,True,7,9988.0,0 days 00:01:19.976000
4800.668424046175,215.0187296,0.0,True,7,10039.1125696,0 days 00:01:20.117000
4810.41397960173,196.0,0.0,True,6,10104.0,0 days 00:01:20.296000
4813.639112236142,190.33569645714286,0.0,True,6,10076.767771428571,0 days 00:01:20.357000
4821.438159062808,175.4785536,0.0,True,6,10005.3392,0 days 00:01:20.517000
4824.224270173919,170.0,0.0,True,5,9979.0,0 days 00:01:20.576000
4830.560457235252,161.7749888,0.0,True,5,9471.0076416,0 days 00:01:20.717000
4839.624623901919,149.0,0.0,True,4,8682.0,0 days 00:01:20.936000
4842.149346124141,149.0,0.0,True,4,8538.34454784,0 days 00:01:20.997000
4847.902401679696,149.0,0.0,True,4,8211.0,0 days 00:01:21.136000
4854.124623901918,140.0,0.0,True,4,8041.0,0 days 00:01:21.296000
4857.981561267252,137.4749952,0.0,True,4,7931.302569244444,0 days 00:01:21.397000
4864.630311347251,132.9750016,0.0,True,4,7735.802847288889,0 days 00:01:21.577000
4867.505033569474,131.0,0.0,False,4,7650.0,0 days 00:01:21.656000
4874.643848729474,127.859376,14.4468704,False,4,7904.390544,0 days 00:01:21.857000
4878.8088487294735,126.0,23.0,False,4,8055.0,0 days 00:01:21.976000
4881.656866576331,126.57857097142858,28.496424228571428,False,4,7993.0929060571425,0 days 00:01:22.057000
4888.732422131886,128.0,42.0,False,4,7841.0,0 days 00:01:22.256000
4895.258980561753,129.81000192,49.24000768,False,4,8084.44525824,0 days 00:01:22.437000
4895.945091672864,130.0,50.0,False,4,8110.0,0 days 00:01:22.456000
4905.088879140153,136.58769660680505,64.82231736531136,False,4,8627.68315835143,0 days 00:01:22.697000
4906.618669034873,137.6810905248524,67.28245368091791,False,4,8713.605697077985,0 days 00:01:22.737000
4912.850891257095,142.0,77.0,False,4,9053.0,0 days 00:01:22.895000
4917.004274753629,146.59000576,88.73001472,False,4,9253.43025152,0 days 00:01:22.997000
4921.114830309185,151.0,100.0,False,4,9446.0,0 days 00:01:23.095000
4929.185772283229,159.64500608,100.0,False,4,9971.98036992,0 days 00:01:23.277000
4939.480216727674,170.0,100.0,False,4,10602.0,0 days 00:01:23.495000
4945.428633467229,174.10000213333333,100.0,False,4,10791.625098666667,0 days 00:01:23.618000
4951.213633467229,178.0,100.0,False,4,10972.0,0 days 00:01:23.735000
4961.32474457834,182.0,100.0,False,4,11398.0,0 days 00:01:23.935000
4962.494869598784,183.1500032,100.0,False,4,11442.562624,0 days 00:01:23.958000
4978.829869598784,198.0,100.0,False,4,12018.0,0 days 00:01:24.255000
4980.099277944385,198.69000192,100.0,False,4,11873.0995968,0 days 00:01:24.278000
4990.129277944385,204.0,100.0,False,5,10758.0,0 days 00:01:24.455000
4991.436809702099,204.6571446857143,100.0,False,5,10779.43934537143,0 days 00:01:24.478000
5004.327762194797,210.94285897142856,100.0,False,5,10984.510773942857,0 days 00:01:24.698000
5006.506651083687,212.0,100.0,False,5,11019.0,0 days 00:01:24.735000
5015.090055918226,216.0857161142857,100.0,False,5,11234.521525028571,0 days 00:01:24.878000
5023.462278140449,220.0,100.0,False,5,11441.0,0 days 00:01:25.015000
5027.343778172449,221.80000182857142,100.0,False,5,11498.600058514287,0 days 00:01:25.078000
5041.087111505782,228.0,100.0,False,5,11697.0,0 days 00:01:25.295000
5046.359724944004,228.6916672,100.0,False,5,11750.2583744,0 days 00:01:25.378000
5056.390280499559,230.0,100.0,False,5,11851.0,0 days 00:01:25.535000
5060.391433360003,232.3250048,100.0,False,5,11525.499328,0 days 00:01:25.597000
5066.815877804448,236.0,100.0,False,6,11011.0,0 days 00:01:25.695000
5068.261041016004,236.4812528,100.0,False,6,11004.0562096,0 days 00:01:25.717000
5088.376041016004,243.0,100.0,False,6,10910.0,0 days 00:01:26.015000
5098.030620126396,244.76397744655003,100.0,False,6,11006.136770836978,0 days 00:01:26.157000
5099.3236756819515,245.0,100.0,False,6,11019.0,0 days 00:01:26.176000
5112.934786793063,245.0,100.0,False,6,11191.0,0 days 00:01:26.376000
5118.497911753062,247.24999822222222,100.0,False,6,11242.074959644444,0 days 00:01:26.457000
5132.542664740717,252.8055537777778,100.0,False,6,11368.186070755555,0 days 00:01:26.657000
5138.13849807405,255.0,100.0,False,6,11418.0,0 days 00:01:26.736000
5145.328084946939,256.2625024,100.0,False,6,11454.6125696,0 days 00:01:26.837000
5155.289751613605,258.0,100.0,False,6,11505.0,0 days 00:01:26.976000
5159.676184199765,258.8714313142857,100.0,False,6,11528.528645485714,0 days 00:01:27.037000
5174.216660542621,261.7285741714286,100.0,False,6,11605.671502628571,0 days 00:01:27.237000
5175.599438320399,262.0,100.0,False,6,11613.0,0 days 00:01:27.256000
5199.318886165732,266.0124992,100.0,False,6,10824.14265728,0 days 00:01:27.577000
5205.178052832399,267.0,100.0,False,7,10630.0,0 days 00:01:27.656000
5217.133608387954,269.0,100.0,False,7,10750.0,0 days 00:01:27.816000
5218.704087566621,269.22500205714283,100.0,False,7,10756.525059657142,0 days 00:01:27.837000
5235.300774032652,271.5821421714286,100.0,False,7,10824.882122971429,0 days 00:01:28.057000
5238.247440699319,272.0,100.0,False,7,10837.0,0 days 00:01:28.096000
5253.525218477097,275.0,100.0,False,7,10983.0,0 days 00:01:28.296000
5258.1997066188105,275.8714313142857,100.0,False,7,11020.253688685714,0 days 00:01:28.357000
5273.684627406113,278.7285741714286,100.0,False,7,11142.396545828571,0 days 00:01:28.557000
5275.157127406112,279.0,100.0,False,7,11154.0,0 days 00:01:28.576000
5292.454214359001,281.7625024,100.0,False,7,11223.61506048,0 days 00:01:28.797000
5300.315672670113,283.0124992,100.0,False,7,11255.11497984,0 days 00:01:28.897000
5306.547894892335,284.0,100.0,False,7,11280.0,0 days 00:01:28.976000
5317.763270017668,286.3500032,100.0,False,7,11334.6375744,0 days 00:01:29.117000
5325.683270017667,288.0,100.0,False,7,11373.0,0 days 00:01:29.216000
5341.794381128779,290.0,100.0,False,7,11478.0,0 days 00:01:29.416000
5353.212096249781,291.5161307489879,100.0,False,7,11521.46241480432,0 days 00:01:29.557000
5364.443762916447,293.0,100.0,False,7,11564.0,0 days 00:01:29.695000
5365.50220967378,293.1083328,100.0,False,7,11568.333312,0 days 00:01:29.708000
